student_id,full_name,email,phone_number,study_hours_per_day,attendance_percentage,sleep_hours,exam_score,noise_num_0,noise_num_1,noise_num_2,noise_num_3,noise_num_4,noise_num_5,noise_num_6,noise_num_7,noise_num_8,noise_num_9,noise_num_10,noise_num_11,noise_num_12,noise_num_13,noise_num_14,noise_num_15,noise_num_16,noise_num_17,noise_num_18,noise_num_19
S1000,Anna Ivanov,anna.ivanov64@example.edu,+1-555-768-5475,6.7742453717789886,94.06401430438355,6.675406076225811,90.84650824475209,0.20698515964083974,0.42273403427206224,0.17613829917307988,0.1346920249233473,0.8602818862189409,0.32039720359730783,0.3607586865182536,0.055270409501227635,0.35736962350205415,0.26480717732157966,0.6104850673417885,0.20539029767240669,0.8883654530628405,0.9296666209195551,0.0998310571767902,0.10740295628857721,0.11532643811098797,0.619569256310312,0.12196896420962289,0.8523823179302663
S1001,Ivan Brown,ivan.brown55@example.edu,+1-555-401-7058,4.744068330211547,93.82803844382391,6.115056362850557,89.71538166689078,0.7542715149378925,0.8198088582380241,0.5260605268860209,0.9966772115191534,0.04417510294416127,0.40126496418611335,0.3239366689376362,0.948645498712641,0.5768609584975929,0.8061909654447252,0.17034119365851885,0.9786341439004389,0.4986395468763152,0.4936720762706458,0.9708847285457378,0.38073236121714504,0.39752502455499295,0.5847527028049366,0.12805261054778694,0.3210856264118549
S1002,Daniel Kuznetsova,daniel.kuznetsova39@example.edu,+1-555-696-4366,6.48487895824614,94.23226046518378,6.791458177376546,90.70001274188606,0.19320832244513053,0.1032834791070496,0.8661446063310201,0.589331166127476,0.3586727915279112,0.4086693773667128,0.43151900368735463,0.6331491821447094,0.9267693914889933,0.9327796196569825,0.3914919795306634,0.32926245959776956,0.45104650018525505,0.5679342304284926,0.46181791144974826,0.6587534098167009,0.5543990233797637,0.3207155466940761,0.3457308057626326,0.3785927875597309
S1003,John Lee,john.lee83@example.edu,+1-555-465-4317,6.5594276278050945,96.01451708627123,6.420758408026841,89.22663678340508,0.09463976824938869,0.16606263241397312,0.7231138021453861,0.38909671152208003,0.21453897256014365,0.5626724105748573,0.7555395424734273,0.2574223623453714,0.8267898819237445,0.9275048596250496,0.5973945290738407,0.6689476589915796,0.05257599032305538,0.9455198910219065,0.3924847342649438,0.9239004005454299,0.5789775247502426,0.0046187988433276095,0.038541999323435716,0.680418805669922
S1004,Anna Kuznetsova,anna.kuznetsova19@example.edu,+1-555-140-1285,6.831875705674249,94.1370056592539,6.790605271176545,89.95506668011237,0.5626680138319331,0.026532437206074344,0.7434599612223853,0.8521453370691817,0.4964174824393083,0.46575744035725497,0.0054731088346274825,0.7866497124935993,0.33071606674610543,0.8787636197825396,0.37306058755805305,0.5650779106307056,0.2703417881993275,0.16058831258491868,0.774907903381328,0.4965904788462816,0.5364879237522507,0.9654159534817355,0.9635799122221537,0.8556421217024035
S1005,Alex Ivanov,alex.ivanov21@example.edu,+1-555-174-4813,6.333623872809265,94.38716341003645,7.1002872048066275,89.86092346613808,0.18760929276503358,0.5942726943015799,0.8781474246555374,0.3744639364489377,0.10110616593558497,0.8109629022399218,0.48176355136217164,0.5643926803591786,0.9821442963178444,0.6072114304940721,0.4249793856661014,0.3699843678471978,0.4176192926540456,0.11839908317866876,0.7947505584175718,0.8377168581870411,0.28439713457340887,0.3037966184099441,0.8743342563348132,0.023970355527955456
S1006,Kate Brown,kate.brown27@example.edu,+1-555-558-4674,6.114504960053203,94.68307980456059,6.479078266998014,90.32889965792766,0.5204574437672277,0.46367571468150104,0.6901267695784598,0.16339170014945448,0.6683307407951538,0.37673400787487643,0.618714778169642,0.04009500987277592,0.4617271971845094,0.5222508939823721,0.2143264028549866,0.1396236541791207,0.1884743030123014,0.34414107806334804,0.09681014930497145,0.9473197957296045,0.4049940614958173,0.808969602506749,0.9744171231088467,0.08073528000273911
S1007,Julia Lee,julia.lee33@example.edu,+1-555-958-3022,6.87145935043639,95.3877389027071,7.927482840783415,89.63422648525385,0.651669467934994,0.871409086741214,0.6342344339667283,0.4290261213574127,0.4310763576379383,0.03589888600735891,0.5346007512892753,0.9935429967868474,0.9587075259719341,0.04039922884216318,0.7057970036294882,0.3017648666969308,0.9029891534061367,0.045114745709278536,0.9358741020110806,0.8374757437877769,0.11750438225260151,0.05982433731729919,0.8347076643269359,0.15575767097457938
S1008,Alex Kuznetsova,alex.kuznetsova51@example.edu,+1-555-453-3225,6.038981543835616,94.26760454457691,6.5543814803179465,91.0160750634488,0.5348981529758705,0.9157448578787095,0.5674481135493233,0.3972333014728241,0.4450160548539922,0.06311717070387102,0.9687523213615988,0.3106541850810828,0.18936349167285382,0.2860473018403953,0.9643731948914789,0.094286053488007,0.8673030405011813,0.7078438944014478,0.8300191791590281,0.9758975403678963,0.8421546555168719,0.9433823512778529,0.12693525679091977,0.79578856516697
S1009,Julia Müller,julia.müller94@example.edu,+1-555-369-6256,6.397447288110612,94.24385917073373,5.257966905877884,90.58553350904224,0.5456756940810478,0.5434955950798607,0.8989215763205136,0.9718038186467113,0.704838323043181,0.4829383894717839,0.45640385790184534,0.3863414572231818,0.36159902957266266,0.3915068416844314,0.08975323525119527,0.07743608526043821,0.7798698438723117,0.4460728929202261,0.9306844885446205,0.6122210085939525,0.03517598218441975,0.15752334131747947,0.20581979301300757,0.9757360243896606
S1010,Maria Müller,maria.müller67@example.edu,+1-555-378-3859,7.168928754083098,95.48883884147467,5.401041263440175,90.20894519076005,0.21870422615163487,0.5157556762880513,0.9361769316401961,0.9771927299143573,0.23636043538354456,0.04911764375004013,0.1536018325377585,0.06332847870255809,0.1951242410923364,0.5685697147037354,0.9124487962956418,0.53721888369434,0.6259895566990807,0.2018672516095411,0.8005836206738501,0.6177889085055832,0.8641368291927248,0.9488431070057841,0.3479007757565923,0.09057905853543935
S1011,Alex Johnson,alex.johnson44@example.edu,+1-555-703-8471,6.6050172282266555,95.19681973705612,6.784285900153371,90.20123599389721,0.22592895791678247,0.4378415656758372,0.9456936518244733,0.37830982237341526,0.77077321366537,0.540476692170755,0.18280877043097654,0.3207341189534516,0.6531918850228187,0.6728533946848935,0.43475974680904617,0.22864560266211464,0.7219067795126763,0.16887304161271477,0.9366696918651266,0.1879035790364767,0.10731236283252044,0.4976477023653788,0.519549598109694,0.5081929147782448
S1012,Daniel Lee,daniel.lee28@example.edu,+1-555-291-2002,7.111022206764705,95.06082116254001,6.260207458820986,90.56815940325468,0.4366674893388395,0.9948148928296083,0.48628061267058187,0.477946580739831,0.4217660627145613,0.0668257547014629,0.592956631149616,0.22796777222318243,0.6376089802290499,0.050833461948477154,0.9813871012530017,0.4690050790126722,0.8967553715906984,0.4755611732329348,0.060330818574221734,0.8222135460938069,0.6481837296671343,0.7817570475739452,0.4281698635088733,0.6379367442466449
S1013,Anna Brown,anna.brown67@example.edu,+1-555-315-6198,5.1885597621299,94.71229590527842,5.576664611136484,89.42500993658099,0.8562290037966075,0.6310654428718875,0.3476736348359033,0.6625295943661998,0.6718541886140673,0.960586962506625,0.3709123215416692,0.4250817675141312,0.8121229611870592,0.5057623147427412,0.736573093115733,0.45970946445359206,0.21549514181270046,0.7452038427810108,0.13115516918470993,0.19858366353130807,0.6268249827842086,0.7472698001920698,0.894687886867815,0.2725864974158917
S1014,Ivan Kuznetsova,ivan.kuznetsova32@example.edu,+1-555-962-2440,6.252371973895984,96.34544718011095,5.220751995876081,90.87145051913234,0.11072425860055435,0.9560466595226291,0.15442308802214244,0.19766698225463952,0.29132945355846573,0.5293913540262875,0.882825566034078,0.7605460227298669,0.7081575538426351,0.17518056785600367,0.35768263152597424,0.47840492608667795,0.14742595348558585,0.2734297021266725,0.30833320395284425,0.12727619832903925,0.5502396919082576,0.7050281965241929,0.06993163147686121,0.48112310176314976
S1015,Ivan Kuznetsova,ivan.kuznetsova96@example.edu,+1-555-138-5753,4.985417205545776,94.69860347301281,6.146477758594505,90.52760009822335,0.782211195267795,0.7479901289524469,0.8150730962187541,0.44824063317060703,0.8205570826398607,0.24075307121426948,0.36081056141751533,0.1763555764178013,0.4674845394285718,0.39206002241544324,0.2409271164143122,0.7517807092307816,0.3138467721116466,0.2728043301458357,0.13089033085049506,0.4388217018019487,0.302964628837302,0.3692728413409686,0.23599726262055265,0.7631554898199004
S1016,John Lee,john.lee52@example.edu,+1-555-990-5972,7.140103921813569,95.71401251167994,5.686147434976406,89.58388338660188,0.9300033473547173,0.49793185278888763,0.6429984233408326,0.867172276606706,0.9988296373336586,0.6135164847298321,0.8897794665398687,0.908608246555642,0.7914514878076223,0.4609313910731102,0.08115400042389931,0.015805555440133845,0.4772006332829246,0.49431453353461774,0.4073623878629723,0.5681673512913645,0.5521627033044271,0.836613041032693,0.10865710326226241,0.22517766610554546
S1017,John Brown,john.brown59@example.edu,+1-555-931-6780,7.2721782931314385,94.82782610760654,4.8518823089958705,88.98004150739686,0.7930049789596304,0.8478368672236546,0.9948242136208678,0.8729120163870842,0.889899007072331,0.31434794262990484,0.4016616340093764,0.26808510482055103,0.6062993981927156,0.9388053542070384,0.34464088651161773,0.5570017818814502,0.29629963045348506,0.1697999737727075,0.19518552981865567,0.05794534453812994,0.9492935230092574,0.4028796085076296,0.8341208920021081,0.6813294726896911
S1018,Julia Kuznetsova,julia.kuznetsova90@example.edu,+1-555-128-4846,5.6724929425985495,95.44744466964839,6.128183162463508,90.621436818661,0.1919211614110854,0.17546224657908782,0.8119882015105448,0.26471171061953735,0.9132851837019758,0.14005540468949063,0.6777086144544695,0.8144738760309339,0.235256388415645,0.27620736345656605,0.9645188861392017,0.2645976053461583,0.4299570499000478,0.4325155932423661,0.25303474992968356,0.7757910864370905,0.7718493432291552,0.37831801422378564,0.8351257910807337,0.21307493439900238
S1019,Ivan Smith,ivan.smith37@example.edu,+1-555-792-5584,6.115472618297119,95.14268572196904,6.563031354570603,89.72158811425179,0.004305775667678646,0.571167362055741,0.9940777724523785,0.038644309826884604,0.20799807370846057,0.5189146424870842,0.8099407364448706,0.08904200507505322,0.3952346537588943,0.7470758006298863,0.37154320840636157,0.18883642047563898,0.19549582739658733,0.41004878691499425,0.47941707480589113,0.861814417816014,0.6422524185679935,0.6904019545155015,0.982987171535907,0.41184344030097375
S1020,John Kuznetsova,john.kuznetsova51@example.edu,+1-555-275-2628,6.91109771380167,94.40426665304001,5.673251538091435,89.6564358954015,0.4033544032491283,0.9233469677258123,0.24587558700505863,0.7298152463028666,0.7545731382181347,0.09778799744544309,0.468231405693584,0.20056247132155403,0.18537527280248567,0.4638281104628762,0.28942970750806496,0.7960604476258709,0.9076048913904824,0.8027206052883656,0.26603087262166525,0.27413439368860837,0.2547283501174674,0.13503809605623607,0.9437983681037112,0.40204779815706937
S1021,Kate Müller,kate.müller57@example.edu,+1-555-696-5166,5.423744318969864,95.43827523270703,5.577537893817548,90.01124470685492,0.22468947454587374,0.8466710505082435,0.39919530265779046,0.03511681110966658,0.16194157024963118,0.63925034035617,0.782905274171724,0.21093438848871293,0.9173955892661422,0.8509971200521644,0.8483807540610809,0.22766114679921412,0.050535988650057706,0.8674235394825837,0.3058002287385674,0.6189163811735259,0.7599668837007301,0.12829325851112017,0.7808383545190479,0.9385114589610658
S1022,Anna Brown,anna.brown34@example.edu,+1-555-616-4356,6.932671993015318,95.40187805842695,6.598846598075507,89.91136306394152,0.728374965746409,0.4412227484805581,0.8766781387517029,0.527457630072559,0.7447709278167541,0.8205059438586041,0.749352861699006,0.28785487604815396,0.11784390090583108,0.23833852936206013,0.5028749369803532,0.5052769222930958,0.5826443493145376,0.39510183754789086,0.7868913814500277,0.9131537503472078,0.24672505347947127,0.736523217701888,0.6779718525450447,0.523090499279315
S1023,John Smith,john.smith14@example.edu,+1-555-404-6994,6.119031519160262,94.92825361018424,4.481399009437773,88.69759877481923,0.18853023387416024,0.7952322585827095,0.9606262856288327,0.7218363322336134,0.917859996625734,0.9841852649479997,0.3520506742392382,0.6382235529263369,0.47393273763807797,0.9866287468632301,0.09380782400772492,0.4123749142972246,0.8755390445272362,0.28405131052651544,0.7877928506388727,0.3827831627802557,0.9799785398901583,0.8835298364237075,0.30132035766261533,0.7701931135378551
S1024,Daniel Müller,daniel.müller35@example.edu,+1-555-106-4912,5.309570348881038,94.10247785515867,6.359796804051093,89.18506885017595,0.3368565438332687,0.6063628402155351,0.658480768393292,0.829595409085705,0.02445084088201488,0.22015789115229967,0.7119178105885787,0.5635232369695373,0.4956050782011431,0.055209956707980457,0.3482758834614562,0.8651002319106483,0.030892837036032184,0.3964362353648121,0.9451482876707726,0.05088073454501463,0.7497057510446368,0.25761261618203646,0.8666088321536725,0.746067978959365
S1025,Kate Lee,kate.lee20@example.edu,+1-555-433-8013,6.159653701364549,96.16930546800747,5.679362426044717,90.66376401162037,0.8857051708583629,0.215924790431266,0.5312927548186049,0.7792699435748007,0.24569974299498099,0.23074630526721696,0.027182133497585026,0.9585152939754523,0.7100168800546234,0.6355603540101848,0.7439947226949909,0.5316129186954394,0.47613382109041036,0.44953224112352086,0.6404392121036413,0.2015349753923832,0.8880586950148697,0.8117523712192651,0.34956361145203385,0.5786092968125244
S1026,Anna Kuznetsova,anna.kuznetsova70@example.edu,+1-555-754-4833,5.65974408799111,94.81510619791914,5.144980150580477,89.69487023168949,0.14102729995001462,0.972346247933598,0.9028926876302835,0.9218975064992004,0.3321630477034516,0.16913470738285574,0.21177216346631034,0.09000139104508986,0.12011063010138434,0.07130453418484539,0.9898230692048735,0.07405768336907359,0.13254208095141362,0.8272545955907364,0.5802402167429431,0.7744172045693324,0.630912007772655,0.882175070328948,0.6384675277647406,0.5221250929031509
S1027,Maria Smith,maria.smith10@example.edu,+1-555-336-3121,7.256277323711656,93.44541161912689,6.390981279191272,90.21396204209906,0.7127496937612997,0.44739275179210947,0.3460638229047347,0.4676524524502125,0.16971410509856066,0.7965717298026914,0.26070378133594463,0.15353154633704746,0.2463522417832268,0.8420701517722398,0.33020129559773137,0.6860498695059002,0.8564096306557393,0.07774466692504212,0.7650244051780429,0.30766546637903003,0.21662236418404268,0.6889014524529722,0.9097966227332338,0.2950192087123954
S1028,Daniel Kuznetsova,daniel.kuznetsova38@example.edu,+1-555-289-3462,5.965265039872885,93.69854793105038,6.0649165569424826,89.52345656184258,0.568833805384319,0.28983411384949154,0.5542855857264279,0.6218620306543405,0.6103353887901798,0.6235463696427459,0.1350797922175241,0.6935404695867196,0.6747503563802233,0.6825881222168831,0.07407055273870633,0.4468388424141526,0.4090351320457297,0.08671148364319914,0.2223679278968107,0.44096263179803674,0.7429063098580823,0.2370620769846632,0.8297499101249115,0.5457982857394634
S1029,Maria Smith,maria.smith88@example.edu,+1-555-783-1407,6.709408590219233,95.0196669309711,7.441601002188824,89.78457993527428,0.7604216851846175,0.4725559833368571,0.49919422542222336,0.6197193893796402,0.9279706081658242,0.49181258141290995,0.528657538108291,0.6019969635275295,0.7375151372977258,0.07185033548623432,0.5156874385219721,0.4815915892060435,0.9216849842375704,0.4935065804363411,0.468320534694331,0.962199988534702,0.45057646360088155,0.18088443032209034,0.21691612280578831,0.09518753833697413
S1030,Anna Ivanov,anna.ivanov60@example.edu,+1-555-123-5858,5.578852256640322,95.16134807146068,6.197997015574589,91.22326881771639,0.0005681292589444498,0.43194566100048193,0.7692425812982214,0.7334664427998359,0.032149087802850196,0.5699829035940329,0.154283125413476,0.9410762847646973,0.16736499964417928,0.6266392176974815,0.32623836216405677,0.6415613259643522,0.41225859646407514,0.7596430523063947,0.23067912532785784,0.9057918529142601,0.5002096493133521,0.7560931477128529,0.8497301914012271,0.9988286109548049
S1031,John Brown,john.brown69@example.edu,+1-555-300-8477,7.25160012132312,95.32118395323455,7.316972602097605,88.93011325110943,0.22394566559395823,0.28689241356345485,0.25043308673188824,0.26287133215978264,0.5824447415393774,0.993522523145843,0.9902780870927544,0.5267732313623077,0.6390272102646738,0.859970543701606,0.9329334584535052,0.2038606273295439,0.5285417289424529,0.8328370546615123,0.30320207663459164,0.4398090424804667,0.985621101512008,0.985046696720871,0.9061068107651816,0.7984483448280576
S1032,John Müller,john.müller69@example.edu,+1-555-776-7921,5.924223620525227,94.16608165273503,5.6491711771598085,88.76098246719933,0.26913050072280575,0.32085007406718746,0.5472828412048747,0.5607773745620122,0.505502819357067,0.6366702799163061,0.4083230226329888,0.7491741573155329,0.33354992647835535,0.33067699694635255,0.127225961891828,0.18871221002891925,0.8505208789213576,0.44628233858044153,0.2278677865528338,0.7593411000223874,0.5539811258168594,0.021156011423293486,0.31636145733671517,0.17700141112134105
S1033,Julia Ivanov,julia.ivanov36@example.edu,+1-555-510-4939,7.071635852132964,94.7999995726111,4.676274334947608,89.08597882691322,0.6558728609828406,0.27503104063025285,0.06494677920994363,0.05493498919766926,0.5817272979587149,0.021723455704089623,0.8487921131360887,0.15539711925727562,0.6065663351954298,0.4446880280107457,0.4428515212319025,0.07179714236004586,0.8027522502122156,0.8930524847532526,0.011016667384228462,0.17860417569711773,0.9039041887954788,0.5494936128000582,0.15003957824821013,0.20279045260915884
S1034,John Müller,john.müller66@example.edu,+1-555-482-2764,6.782162462705176,95.75431391110494,7.797057802522608,92.6224762194066,0.6599862442371142,0.724816822246873,0.5994268085799352,0.9531483799125258,0.49406360366177704,0.3002719121425267,0.4772329099757965,0.35966629366661096,0.2244158926746863,0.04596324934014007,0.3522124935651242,0.7114093477097423,0.01843780287519381,0.4391785132059347,0.6440094014498684,0.6104041091743072,0.7766484358887159,0.8105197156597975,0.7117058209193878,0.10279769614474943
S1035,Ivan Müller,ivan.müller29@example.edu,+1-555-610-8770,6.872968489948397,94.10941569197132,4.081158347341821,90.24094031610946,0.47502244400436067,0.6034059574876086,0.2455660388094516,0.04255181764677651,0.2235903208760469,0.45489440173263884,0.41393031905460087,0.17666698132716163,0.8244155426834928,0.9256866687367246,0.20134831905271522,0.9295729155672217,0.017860959175180824,0.9249624727069454,0.9519287900809079,0.012051863015925202,0.7630192967767481,0.9702015725698434,0.9059022188177783,0.970710161196213
S1036,John Smith,john.smith66@example.edu,+1-555-330-1510,5.768353014220707,94.62617846583828,5.449112880846172,89.87328820222525,0.5503235056976393,0.07815613988538828,0.8497891978050361,0.6138282558090116,0.614736744188289,0.4172536098586862,0.5718419765211091,0.15357977908611453,0.7397700265661503,0.07501730735154233,0.729780767043792,0.848978422624854,0.4724686775644882,0.5098303660570493,0.31221427292207826,0.9694585837255876,0.7331244745595453,0.36898855330034497,0.17480738623300507,0.21957959220209133
S1037,Anna Johnson,anna.johnson70@example.edu,+1-555-607-4592,7.459382207708879,95.14134371070081,5.85722864666518,89.06791162245678,0.46392228611005004,0.9425684003143379,0.7341463457609181,0.21524374817914982,0.8595611334188981,0.3782005230096811,0.8517221827525187,0.24169959798113094,0.6186606119363176,0.9266704880812819,0.25789400914779415,0.6929265905858549,0.9873126199571438,0.1505982872430035,0.0884022907006744,0.6741951924448162,0.3397359477490304,0.07124447736659112,0.47530561788360415,0.7537706796439557
S1038,Daniel Brown,daniel.brown87@example.edu,+1-555-816-8708,4.992785349766079,94.562322881834,5.951595704263512,91.59113692222189,0.28512240041518877,0.33504687750513473,0.8456994006469721,0.5200719122614881,0.842731968806472,0.4463894921437095,0.9529751615601034,0.6507945897177367,0.11589886531924942,0.8850929882268007,0.4892651908307978,0.14163896797290498,0.15269013384142072,0.6875339351098718,0.04737250672948978,0.2865937649138133,0.1397875904698681,0.44107742961728424,0.4143537719943613,0.5218764346888559
S1039,Maria Lee,maria.lee91@example.edu,+1-555-954-4538,6.617247069325598,95.88446555992076,5.550633961314763,88.93355061022467,0.2796363291025302,0.032043589378177195,0.6143861065351858,0.37371800288235135,0.6513349987400464,0.10866697080426846,0.01377735529405033,0.24829424788529275,0.4565473229940522,0.3940719741684673,0.8103025552734664,0.37783764419282395,0.5304411796030789,0.5935155924421922,0.021831391645811604,0.515133376846189,0.34483125939883785,0.4212801276832546,0.10028739849525026,0.7828205656486452
S1040,Alex Ivanov,alex.ivanov12@example.edu,+1-555-910-2060,5.6313949139908654,94.34729654191783,7.915622759191648,89.26075198869805,0.9424042508085225,0.022268820629600006,0.6013727628113479,0.7638440672883581,0.2848075886498894,0.7875555848632168,0.6323550507663013,0.92916263227107,0.9810048113537728,0.042346113998704804,0.4449377610270062,0.5469877875782182,0.14674323320765248,0.3362858304273617,0.9876474477564617,0.016230456342471444,0.45250793152438407,0.8426546217181962,0.32390126271928843,0.47979850275515334
S1041,John Brown,john.brown36@example.edu,+1-555-435-3393,7.25464028336271,94.18736553972168,6.83841571158682,90.34645586949527,0.97804574578798,0.4748768364757039,0.13092131214649905,0.05172149166639106,0.9454165724399485,0.2658094132750657,0.5040639065645509,0.0907017660899686,0.42365512055060506,0.9301055192501241,0.5024129936309384,0.9711351518023279,0.25883563723739966,0.5045452397039372,0.8595307918093252,0.4482523545537438,0.2794873735701896,0.8554753634178817,0.389889468872609,0.5307232910602341
S1042,Ivan Brown,ivan.brown58@example.edu,+1-555-929-6399,6.359025892107718,94.9633137264781,5.410691074113549,90.40146498133387,0.9765270664151456,0.1864832947558639,0.3014006367201857,0.031069600069839942,0.39183770991005273,0.20018343058485955,0.6800349354078914,0.18132145876585237,0.6748127524058697,0.2634754281893177,0.3552178341211998,0.3488606520463975,0.7167517501636094,0.46650926313834307,0.36129889885268307,0.8526227190394499,0.5719506256412027,0.2138308212779978,0.9000912781436826,0.3426502960336406
S1043,Kate Lee,kate.lee38@example.edu,+1-555-428-2368,6.090514867693298,93.89695481260948,4.849856183112343,90.1553291259499,0.03897937753732039,0.4946002239744529,0.1239380544408778,0.23846644371574255,0.747110872687411,0.13075181337631858,0.8069442243540357,0.9369072881309537,0.6065321004079447,0.7103591920228293,0.7135866099074174,0.9928079572704449,0.34153826220162287,0.16285655124270249,0.5191672349143215,0.5332498098317082,0.17791248829614448,0.6131094189941395,0.01412473347682397,0.9276684024542216
S1044,Maria Lee,maria.lee65@example.edu,+1-555-803-6893,7.921182130769392,95.1439924522161,5.893225506501106,90.2572435256423,0.26457427782126164,0.03956020839019181,0.10824944147485704,0.24024894827964172,0.2739061686060452,0.03280999949772867,0.27935481219372915,0.19294173649348212,0.3786209274345186,0.3851677373559692,0.3390077406028791,0.327923883530704,0.08973127774125123,0.02520494712616217,0.2021143001564666,0.7566494274166153,0.9908097655511221,0.928526175057329,0.5042193555377686,0.5318238557779342
S1045,Alex Smith,alex.smith86@example.edu,+1-555-866-4943,7.6754015675361424,95.19744425122747,5.6301654922496365,90.9956598390539,0.31458156903584256,0.7739394386376562,0.7647566879326486,0.8442723575824446,0.8955045771968844,0.43434924822529575,0.7668755681071976,0.8063987287958786,0.30845962249775016,0.92924224400615,0.09434150263965546,0.9942691791632828,0.7700907181588694,0.09327090532432725,0.6562296481050006,0.03417941092826016,0.7701869494441829,0.7992229216590553,0.6024102530914477,0.8568603919165705
S1046,Julia Johnson,julia.johnson32@example.edu,+1-555-234-4009,6.885880794615452,96.3821803927964,6.164910993499715,88.89797787145154,0.0978832802148597,0.2759238420408132,0.4141775215926705,0.04245795282809828,0.44821608757116616,0.26521345611256597,0.392735012101753,0.42510263199230647,0.8794117334876851,0.27034097052763906,0.893743128716272,0.42597096481284924,0.327807720693986,0.502512049335146,0.41774328636283964,0.2573723130551461,0.5026793247960669,0.15180173307883127,0.3519299430229661,0.5657902193740906
S1047,Daniel Smith,daniel.smith89@example.edu,+1-555-657-3168,5.2686567206789015,96.48583513900813,7.551299148704968,89.83843270804566,0.41340824438985857,0.8239123610507965,0.25672176153516624,0.9697715788310101,0.7847220208513513,0.9675930259974722,0.8381365548303041,0.14210392585164267,0.5264600906350138,0.16997852119578571,0.8182273526272573,0.5841621491832959,0.2634493143569058,0.9295989720071713,0.11518605331426068,0.563862403471314,0.7210405546667255,0.05884853733243178,0.5978560332062036,0.8159012154630941
S1048,Maria Müller,maria.müller88@example.edu,+1-555-163-8409,6.155131410977611,96.31529986301798,5.003658886160861,89.19474568293975,0.06752731441805337,0.5122429711066271,0.25855717814874,0.6629244515369208,0.11867736707884491,0.9370514306705069,0.8947285817147318,0.18597441987570917,0.3232658843651046,0.587634974653043,0.7180623366342505,0.4426560151602582,0.15629132196097506,0.10415149380287159,0.9997653369143439,0.45535212144348725,0.8725317491484982,0.48237600462911445,0.9223576385460033,0.0877593827715506
S1049,Maria Müller,maria.müller91@example.edu,+1-555-576-4569,7.07899411522014,94.64485538942637,5.995390319951936,89.85290139132793,0.11401919133455096,0.9296321877242243,0.9474930450447849,0.31471744746536334,0.35516488699387183,0.452450234834758,0.4161616800672908,0.19004521595959667,0.8983753839393745,0.25330760070564373,0.7052724094776516,0.06715567773497289,0.03875133152842947,0.6537304725769206,0.33901585757326036,0.6554593927200013,0.09402120216883036,0.9498513799158633,0.7485144668930954,0.8762672330257992
S1050,John Lee,john.lee16@example.edu,+1-555-597-7645,6.80381709391904,96.26673367518235,6.081526416211571,90.57954491394918,0.13647055404451092,0.3201609688928694,0.3683441642063441,0.5371726483268185,0.2968684855074143,0.06063074218940512,0.3688783807374707,0.25454931462728214,0.38592129146321485,0.19695954262002624,0.26189637456473547,0.6269523404322688,0.38815383457806507,0.34538339316949207,0.5339056327223729,0.7718605408439257,0.3788679563479572,0.5875194925558406,0.9662026253681762,0.5219801141180507
S1051,Anna Smith,anna.smith36@example.edu,+1-555-101-4962,4.654845109072079,94.95615343826289,5.241092756736416,88.90306824561874,0.9097975765175444,0.7936726242564269,0.05871868165014971,0.42909887146925685,0.6983184078685881,0.9867119124481999,0.4583762911615126,0.09278545412673944,0.5620091747128678,0.1265637921239603,0.7515195602793934,0.5076769974617779,0.7234313683772865,0.8693618268785237,0.6289480171627772,0.6124393292531816,0.7545702954396313,0.8424550014526674,0.8690537862770027,0.036430195682883304
S1052,John Brown,john.brown21@example.edu,+1-555-328-1826,5.7096628697641245,94.69928890336926,6.824312288120412,88.80624655403439,0.5561902967977893,0.21626930979755143,0.8603458907817834,0.6483976852033612,0.42022247903243815,0.1881042281213513,0.3390236259198265,0.7037776945402245,0.2043595452116388,0.09358294533837275,0.888028758227551,0.7642103495801168,0.19979493065813259,0.29231154342999166,0.9720701771308857,0.7081844867591174,0.6105220042138247,0.30762848542413035,0.29912514416652225,0.039523618690230466
S1053,Daniel Johnson,daniel.johnson20@example.edu,+1-555-132-4964,6.527568343334976,94.56424750999977,5.705094215074236,90.90248204277414,0.7284818669019314,0.043175225056884536,0.004857337777279036,0.7294950878609792,0.9488737571491254,0.7565030477273105,0.4716401906243787,0.486045249560873,0.43613642264910535,0.32464366711033366,0.5217142141858402,0.43115095714111507,0.5981678800407747,0.8981200805010945,0.9950094173238103,0.07874328988291712,0.3846834726613414,0.18070619576680946,0.3521204739255337,0.287473018548423
S1054,Maria Ivanov,maria.ivanov14@example.edu,+1-555-589-5568,6.984303893303533,96.20365829669846,5.86094488867509,89.37365164949637,0.1745371316267883,0.7640760534212905,0.49628874282923585,0.9192455822172257,0.03259244324701449,0.06697801313198992,0.4032735829303441,0.08027732040403712,0.2627295964148335,0.9860297430766236,0.20895960748461406,0.1981177414120907,0.5736406687957091,0.4979982907931567,0.5804382972028448,0.3767352782085467,0.8267623598949471,0.13858055144246284,0.42839264584146564,0.6897618484440871
S1055,Maria Johnson,maria.johnson49@example.edu,+1-555-803-5120,6.29852706480755,95.2182471121441,6.15891602260834,89.02405073498997,0.8682364402828997,0.3695716063567577,0.5677455990937528,0.0691399450072615,0.17031908811182894,0.06913816246611448,0.7278808919985219,0.2880599687221407,0.7237452901918378,0.06639827904327456,0.8625478004083255,0.8355301981110916,0.08892874305028264,0.02375650645718652,0.056288812981991176,0.853630173146734,0.23470348905189575,0.5482733178581887,0.42624420318005674,0.7955255262286021
S1056,Maria Lee,maria.lee17@example.edu,+1-555-630-8345,6.581440803465087,95.20540549712501,8.26572663378053,91.6891601501535,0.4888983014706706,0.5006608406612697,0.9890919394999024,0.1501295567492571,0.8307039387459314,0.05174974560388479,0.47764876957297075,0.8863348239330235,0.6652139656041213,0.6852146193661329,0.26331728225648554,0.41857479136145426,0.3665810634990505,0.5214432101579942,0.46222793014366814,0.32689835187698935,0.3054806123711701,0.25085289165512215,0.3650472468847584,0.14994147793406065
S1057,Daniel Johnson,daniel.johnson36@example.edu,+1-555-690-9196,5.7320809844970615,94.74135497460574,4.682902198346697,89.46836368743286,0.8721043020035738,0.6021193918334273,0.13378642559385545,0.6938593342090014,0.8476664679979732,0.2375356720522589,0.15060059433726392,0.008617257133752054,0.04725033885648511,0.7622513483035116,0.9871863320416938,0.0448803224762766,0.7480709590798926,0.07186216584096006,0.5921328249036668,0.7560752824282378,0.3592043972677377,0.010934721110663737,0.5951893521254259,0.9912446281400278
S1058,Ivan Brown,ivan.brown97@example.edu,+1-555-299-8080,6.784044503231306,96.08526825879942,5.343824546030753,89.41126820393899,0.25761742283849576,0.1894912771872158,0.12392589275351495,0.5552556199000561,0.5964450993602733,0.7922708371704024,0.7530732736205097,0.8925414947950872,0.8057726983423014,0.24726708307944445,0.5558774048757611,0.29741195909358,0.32978537955150244,0.9319443692299963,0.6818959050670735,0.9745904132511058,0.4169125367187445,0.5374375733539766,0.4871154199164217,0.10728705752372691
S1059,Julia Müller,julia.müller88@example.edu,+1-555-726-6244,4.567439873235211,94.85360067150958,5.043827029326393,89.52350451537053,0.23670199452660334,0.5276363606044822,0.06737430513300624,0.9314619293088893,0.12384368194337081,0.1979807464169071,0.7653212239386366,0.09693454178931371,0.9002780996154094,0.7257009707225356,0.0686208571088589,0.6918470612856529,0.6316285421713178,0.7573494327399186,0.8281978524893359,0.718350563173155,0.5861762952709719,0.3224633185817777,0.6972736618299291,0.9569715846307795
S1060,Julia Brown,julia.brown93@example.edu,+1-555-103-5872,5.71082529964917,94.9151637011727,4.418044447779032,88.67965927914811,0.5875217805288743,0.6643448684342539,0.4371280421998007,0.7561208097430744,0.9976673923386359,0.1603893240677361,0.2024052795037623,0.5394377586643895,0.48137539726165823,0.5715697845067188,0.04907404772427304,0.40427645633044895,0.5829782620655608,0.5851913513049627,0.6573339617683736,0.7202160290026638,0.6415472033408566,0.790243155389435,0.6247606346845916,0.5375076625372045
S1061,Alex Smith,alex.smith13@example.edu,+1-555-871-6800,8.416322400825468,93.84131967685337,5.012892979390824,91.65322217548918,0.6061964288878109,0.10119336675333235,0.27315654072552,0.5273997806581312,0.8729872154017071,0.6790515562879931,0.09040807847189758,0.5922749504444044,0.22173798763709895,0.7340165597887229,0.8274408525087472,0.5934562725899734,0.5913626097517097,0.338591443210814,0.4462500211613094,0.8641083538153455,0.7233203309671565,0.5197536596958431,0.36823238624837096,0.050379738288554354
S1062,Ivan Müller,ivan.müller68@example.edu,+1-555-104-3590,9.114560452316367,93.94559003405719,5.668575938890773,90.30739999584645,0.14300740132638512,0.19302518953937065,0.37338354325867473,0.9441436470762746,0.5051533948587487,0.23484016325923107,0.10575013746151407,0.33830552460296404,0.8157306355510568,0.3833427934105079,0.7725058060224135,0.8027049761268789,0.11082076969870414,0.6086597526267837,0.9590960633711108,0.4021380749035539,0.050944089003022275,0.9233026902578786,0.883666281572483,0.5221414472090018
S1063,Kate Brown,kate.brown66@example.edu,+1-555-611-8305,8.055827879965033,94.11182862941459,5.779249938652101,90.69960381845557,0.5522531203440096,0.2117411027761249,0.8194507555446373,0.4986000383921264,0.03387779514255651,0.6830149564489978,0.9504962698027061,0.8291504903457503,0.2771981402105398,0.05332508493334065,0.9403514125381806,0.9370627248797014,0.5324153197128694,0.6423174116715351,0.4626000607108083,0.41976536709875867,0.11944843592870036,0.09675289836109602,0.23273214667618747,0.8366407464065443
S1064,Maria Kuznetsova,maria.kuznetsova21@example.edu,+1-555-499-8710,6.8912894670199565,94.66145953589292,5.879559331935563,88.76259377246701,0.14583230073568,0.22669865191471072,0.5486140593222075,0.2151312180782744,0.1632066847177871,0.5633162416979622,0.3680932709966155,0.6261592858404692,0.9122053404086763,0.15099313143506765,0.9134336598130639,0.9024899674229186,0.8290875833359028,0.6312859173060852,0.6201466574655474,0.6392126599365016,0.6904955512178131,0.016482200596157015,0.9580925791606497,0.5856037614655798
S1065,Daniel Brown,daniel.brown90@example.edu,+1-555-815-3404,6.285643630422801,94.76025125899194,6.20895290066363,89.50020550306289,0.7814658394024216,0.37728183906136314,0.012397213915795957,0.509734659876444,0.5071901193159289,0.4369892883114518,0.33971705416207676,0.24982608780972204,0.5275448744971828,0.3752781396934941,0.9699318830498087,0.17292730776693144,0.319665567627087,0.293960470924571,0.543309176235957,0.4992802569741479,0.6437404654242731,0.9500017705742079,0.2852210854938674,0.6927715692549965
S1066,Alex Müller,alex.müller45@example.edu,+1-555-275-9124,6.9243846702906255,95.91144423603785,6.13988639490162,90.31658076755929,0.025040203005183614,0.26238847273362453,0.4637197279965928,0.03099478848113446,0.6176694605536389,0.6783106084017082,0.7467317148380467,0.5165745048430123,0.6039446649786266,0.39606525127848724,0.04125303250656254,0.09995185577451304,0.6549959242014641,0.9955552995857763,0.01580323916329618,0.5575834968263828,0.7510087528825579,0.8267748280138787,0.5452049012226401,0.6199159801841051
S1067,Anna Kuznetsova,anna.kuznetsova96@example.edu,+1-555-629-8637,6.54783981282008,95.00007595378227,5.350597769811437,90.28484483550598,0.6967249452745534,0.8589662496934306,0.12228953720281865,0.9261821962748634,0.026017403551570006,0.8361997509577753,0.07674042655969726,0.19462821160492227,0.0038941463811326127,0.4452567055360407,0.33435922671739227,0.16599291148702733,0.4510901608039063,0.40237088317218384,0.7676610326987415,0.8931303060700324,0.6525672517670819,0.12441038872652388,0.29539079470985063,0.9133182968322798
S1068,John Kuznetsova,john.kuznetsova20@example.edu,+1-555-929-4819,6.41244206142786,96.88385147803754,7.416019412227718,90.34726189730085,0.08873449300788916,0.4068558393908265,0.9425046192334813,0.9506648414694857,0.4112031770488924,0.6673968880987974,0.45674559835399897,0.7534605394363417,0.03158133069299851,0.14415714892135845,0.6141988035435992,0.2325522624430636,0.6660522992691486,0.35122292746129835,0.8866455581278214,0.8192593855599865,0.4928378000687822,0.7728950870948578,0.2711378862350904,0.4942597768118626
S1069,Daniel Kuznetsova,daniel.kuznetsova67@example.edu,+1-555-141-9180,5.813248511274709,93.99882967521492,7.0720286577799785,90.23647430263243,0.19748205186327816,0.8608861685209939,0.8230676165684149,0.9021496684090012,0.8774769812242594,0.9595962620594948,0.22833623163192596,0.9318242907953155,0.5712131913519977,0.42249508391815216,0.560373895967873,0.34260235665027783,0.2885530069609521,0.24131433797752877,0.08242798945712682,0.49656489714718743,0.8877616757138874,0.6301519692743847,0.5209756327557735,0.4285929182509165
S1070,Alex Smith,alex.smith21@example.edu,+1-555-624-2083,6.93212906305245,93.42987261172323,6.834694633402362,90.40897830439293,0.46440162631719195,0.20927734757195093,0.8229358771930972,0.19838296328152805,0.716622756727313,0.7599850114961526,0.5748690420277343,0.8629263749548285,0.29105035245065003,0.8816172212428632,0.7294104595993042,0.7987498277617607,0.6645797095273142,0.8463430169899694,0.9930988627176359,0.42016285452463864,0.8139156837095703,0.7445797595180336,0.452870165712018,0.926948999732512
S1071,Daniel Lee,daniel.lee94@example.edu,+1-555-576-1251,5.50061238402697,94.57562767329505,6.237345483920867,90.04722011852061,0.3944259295725947,0.5654659162762375,0.10594235699096155,0.22577519406626623,0.8406961705337607,0.39655272282884735,0.3940840894152582,0.24598101819062024,0.4916103342974544,0.8058169613506224,0.8951641177737396,0.07011443204418388,0.5748207312401155,0.46727336789233453,0.6142818504715784,0.44727568690826913,0.3986448208534151,0.47188071242948937,0.5819991287564141,0.5009832110317768
S1072,Daniel Smith,daniel.smith64@example.edu,+1-555-360-4130,6.237045932776801,94.90686055874063,5.773220359613803,90.13730626089222,0.47214445102064617,0.8178353099580807,0.7456479912378577,0.3413784941811928,0.8005771175153205,0.8536506690045002,0.1534922053741905,0.5826824617307588,0.2853119935992138,0.7391723219267226,0.23878532935868324,0.6714035241730318,0.2551246560576339,0.5111437634299432,0.9486464679161921,0.3813075384564345,0.8757384859632077,0.9869445812038946,0.8748508488051633,0.16586602972334286
S1073,Maria Ivanov,maria.ivanov16@example.edu,+1-555-508-6088,7.824342775693841,92.69000740316183,5.786834761941284,90.1588611792352,0.819658219535163,0.03214939510056125,0.39330188369930785,0.8707333733178638,0.6887522127599198,0.5327404273378781,0.3878640250826205,0.812296946470286,0.7095584039482209,0.46840531961567333,0.8924843372096598,0.2299480178186324,0.1703915091586249,0.6428037643335816,0.9719943427017703,0.2472565733067703,0.2496703789338265,0.13949884796218992,0.8605635552736322,0.2263975404113341
S1074,Maria Ivanov,maria.ivanov29@example.edu,+1-555-854-4162,6.76639459071839,94.66527687681084,4.418950395769276,90.2951959353427,0.5031785267248878,0.9908724780022046,0.012140900922043563,0.5564860905107941,0.5122890427049458,0.8074473764101547,0.35528153955277697,0.41034135889904155,0.16793798059886367,0.7408152316357867,0.7847089091881483,0.13666332077883026,0.39345707398832175,0.892904995362683,0.0027072736757871585,0.2987590706226323,0.5550422850525477,0.3340938596599533,0.2720451891776694,0.4600374849032126
S1075,Ivan Johnson,ivan.johnson41@example.edu,+1-555-761-9477,8.054615192747766,93.61952473557548,6.777445212328369,89.7043272991894,0.18152310810969374,0.5296252409594838,0.7066959213132259,0.5752949526285022,0.0931093308585309,0.8444086141655732,0.17497783748748819,0.7648120006111286,0.3605651107758504,0.7827613480561023,0.20627290340534576,0.1866621036954298,0.49702584621748225,0.032936014698360494,0.22529733878233338,0.7240122521843483,0.8373834783054255,0.08078536393781044,0.8820777094381044,0.797517204053179
S1076,Alex Ivanov,alex.ivanov11@example.edu,+1-555-772-3292,6.444808088754037,94.05239134036644,5.698989444879711,91.17004013522906,0.8696842957069654,0.6984285545788399,0.6741530672939647,0.5250932333448638,0.652787224491315,0.9191096645666051,0.10052200141670842,0.3157644778460912,0.07245497359587183,0.9448051719440385,0.445265465999388,0.6753444706761884,0.8411200645043214,0.9910002480764886,0.16178245779226574,0.7995126057182287,0.8874228981367364,0.04887537685087562,0.7540905601855734,0.3547253211965503
S1077,Julia Brown,julia.brown10@example.edu,+1-555-709-3530,7.024389717788936,96.55908044486895,7.059670700079924,90.39517801103662,0.648596791470432,0.5140481960388648,0.2597422520866369,0.13522136200398605,0.11694723308920829,0.1033228577084917,0.6377900401345777,0.3514108513995381,0.21663343820587244,0.691885092705903,0.6868495657664668,0.5391682923569977,0.9349578168658509,0.3854142314414213,0.835862971269293,0.07513940793219631,0.7398310940385044,0.98844741383193,0.8465982162878168,0.5796647193100594
S1078,John Ivanov,john.ivanov92@example.edu,+1-555-529-6712,8.069541073551013,95.39509384286447,6.745189359117353,89.73308614181876,0.6267660643271606,0.3532895494369468,0.6794852182581039,0.770395383181327,0.9982284811178539,0.492462917000433,0.06130406577344227,0.5958579507309852,0.11902414998216859,0.24476504355611006,0.32877991130573725,0.7310298731484106,0.18380812387850054,0.16575294684235253,0.04496424249882747,0.8732399363538809,0.6935054243560607,0.03994646561762649,0.02829230563811458,0.5586742964750561
S1079,Ivan Johnson,ivan.johnson97@example.edu,+1-555-363-1034,6.559891234273285,94.37231855902975,6.890625541135368,88.93952673919662,0.28253440128671103,0.5967263504319288,0.4346041756809653,0.9233125623102546,0.2878090149613679,0.6791453684388935,0.05405431161859919,0.9558605341889254,0.9807574679083522,0.7390746290164124,0.46521247156357315,0.21999343932726134,0.8125163402479647,0.7363540971470223,0.22195403956094906,0.4512152941572657,0.46279893781678505,0.8264105499727091,0.6838446843340765,0.6431675435400551
S1080,Daniel Müller,daniel.müller57@example.edu,+1-555-852-7547,7.204115308175895,94.82841404824535,7.054122384120587,90.67578208985813,0.6498274225632784,0.2704700793824789,0.371711259829534,0.04566228543670614,0.7869411358121238,0.43299821516981385,0.4382383570875735,0.24535626493362672,0.2094272814594289,0.5878219295690292,0.23255301520367577,0.06420885156546441,0.7675074159808983,0.37646943440636593,0.38023558389930445,0.4313182815157913,0.8150448234080938,0.3208368959398171,0.758036211257836,0.9395448407795433
S1081,Alex Müller,alex.müller90@example.edu,+1-555-210-4396,8.138581541882122,95.65769722202478,4.585163769912083,89.93974214439162,0.6608681959247994,0.43168108117702464,0.7477897231466647,0.4578973697513855,0.4144272711081408,0.5252831635726832,0.3177223348092938,0.1042502162800012,0.4148520055261652,0.12385688112930193,0.4104414735554467,0.5569337212134503,0.9307111812056468,0.03622233104530359,0.6214584065019442,0.4577351866500773,0.020261128204139167,0.24954817593872036,0.11848525235480156,0.21679414573144473
S1082,Alex Kuznetsova,alex.kuznetsova68@example.edu,+1-555-335-9798,5.445193526664665,94.53354814187036,7.3601055899490495,90.57378042980793,0.2745702434609182,0.4013063353821963,0.5290393934888903,0.0009899939263861013,0.1618693606287408,0.0935663856088007,0.5496733992627437,0.3290748704012698,0.5483977360347181,0.22182330217467783,0.024229354087584865,0.9413669012702468,0.10830812118899402,0.1268587479617168,0.1465468265101405,0.9812765239932727,0.6176602401699961,0.6102899517038506,0.9866982015185296,0.08843876927465477
S1083,Julia Ivanov,julia.ivanov12@example.edu,+1-555-946-7222,5.8709626142791285,94.08765437020364,6.029503883588634,88.90509586555699,0.9745008925422891,0.2040131465540409,0.6230715035620354,0.4200835653027917,0.3839518134771782,0.9312433284794626,0.14922772844025645,0.9970690110762436,0.37912506109154853,0.6487749038885544,0.9679067314833601,0.05760105037897478,0.9228643629251906,0.5678113853543433,0.7043968789774523,0.14918418388634835,0.5333874308310322,0.6735137147252437,0.4562473073876818,0.15498517810605672
S1084,Maria Smith,maria.smith73@example.edu,+1-555-496-1469,5.895973750343077,95.28080852439612,7.039780832496026,90.547885325002,0.24411907508557662,0.8543927909934985,0.03447099283276278,0.7088620784408124,0.9993900365145268,0.007482996106766615,0.16104568281993992,0.6741443008931345,0.05999083458534826,0.5897899838558589,0.6840001035610561,0.5881463481140702,0.3651847030210672,0.6972822959866389,0.5942944280138205,0.20763717209391974,0.5631355435851098,0.8819072171389275,0.66683328569045,0.4717915073938471
S1085,Julia Smith,julia.smith11@example.edu,+1-555-321-1833,4.43783944226171,95.27393005612723,6.06483021590932,90.37250125683542,0.32158410286945116,0.08588620943757286,0.2446271327590287,0.011186753086876888,0.9866259175249644,0.22248225212873995,0.8148759426853727,0.1686448818049786,0.2836011496055739,0.41827731922836675,0.3244056641416051,0.7983508127598611,0.9576934080154231,0.8752944836508485,0.15357786694775655,0.7766886763492903,0.14794691330471144,0.9133811065621014,0.5178785756685784,0.33638108805670675
S1086,Kate Ivanov,kate.ivanov82@example.edu,+1-555-809-1793,7.954588713486086,93.14308555087572,5.468006917328005,90.53181569051402,0.1570254973341928,0.011809088179004612,0.24794699166088474,0.9140200632813119,0.7972621922722275,0.9697937077507195,0.10076152112137304,0.5921787435056695,0.2571504740307766,0.5429417057724074,0.32045488556345514,0.2834655502433575,0.5738453020245975,0.1833181618695403,0.46913343697211685,0.6508122650440348,0.12818207318280406,0.930594270876904,0.5057246994541248,0.8195279718843422
S1087,Anna Müller,anna.müller42@example.edu,+1-555-709-9572,5.0765650404914515,96.32835414324816,6.331520951430592,90.76192558725906,0.6539054306210633,0.7100009412225455,0.716130940992838,0.8750998970614726,0.6136054350469241,0.2782171517213896,0.09950964286545716,0.6062506194501415,0.06635280377058106,0.2412934516895302,0.06070718460191171,0.5488875890065671,0.16033812494286803,0.6104073194334733,0.7908651308632676,0.8218807207718624,0.30954350813762743,0.548954532694496,0.563010760086359,0.4728871821541666
S1088,Daniel Lee,daniel.lee22@example.edu,+1-555-376-7155,5.986150704630385,95.7323873209696,6.961624400390135,90.20959021812345,0.6551138914247648,0.21008712382353356,0.9792432395867943,0.09807982709093244,0.8292211412031192,0.5940959869511878,0.24485474719371592,0.7456750006602998,0.08448089567707195,0.7744178344487831,0.5899852222430135,0.11075031839640159,0.07950556309237022,0.7508363334364625,0.29293590650383716,0.8893018507672135,0.762073021030176,0.6981902447177161,0.27860605263345095,0.7089445190216179
S1089,Ivan Ivanov,ivan.ivanov33@example.edu,+1-555-890-4848,6.710960803428827,95.24330891535355,5.222989261734557,89.86722418778368,0.948147684514834,0.09155983437056892,0.32616264200356604,0.23467226546159414,0.3932501344006667,0.7423326548539464,0.47424258142538656,0.5707306061202463,0.31415488807834235,0.14128926708710055,0.26693364893772853,0.859680301241987,0.6024169621534105,0.3779886731972337,0.7899059817355876,0.06445743245490876,0.2538910879223857,0.23010315405733928,0.9853645621682221,0.7060985823927602
S1090,Maria Müller,maria.müller70@example.edu,+1-555-503-2804,6.362729720792877,95.34505447791814,6.8998418222192655,89.04731752621943,0.6177859363885542,0.004984965294472898,0.18431000208985737,0.6355412929730783,0.37971932648166573,0.9242803836790608,0.7647242191417579,0.44738407280411996,0.7495149775382705,0.9754043238262216,0.4609808247014706,0.6425258878885334,0.9186646150612952,0.24867466203617328,0.8865579136662783,0.09754470677298266,0.6484481705876465,0.7828381550557844,0.6146062192524261,0.49553480415254303
S1091,Kate Kuznetsova,kate.kuznetsova85@example.edu,+1-555-484-8861,6.38749187271238,96.33330999289308,5.330770594068692,89.25997498443871,0.617347099925686,0.15166370877944457,0.21557071033021835,0.26989934395634196,0.5977793406300381,0.4419010737450705,0.24447584248583953,0.8828093321445801,0.3739218402932234,0.44603171922989115,0.40970107654899457,0.18194295527675264,0.7316270154302333,0.448458262268858,0.016257109892718447,0.964013702359797,0.8157636115954137,0.7235593540918033,0.869091870518529,0.9068072536055503
S1092,Maria Johnson,maria.johnson60@example.edu,+1-555-696-2813,6.682075572648074,95.7599466714368,6.010283450004593,91.19606453139329,0.33748970638443865,0.6109586784166986,0.6088078092055942,0.26729966881059697,0.2219522514470672,0.11390725481902209,0.6593141959164528,0.7809189910307799,0.7609529795170038,0.31627537718497434,0.20525985046520223,0.45361417845462193,0.5468134602405106,0.9190871279685557,0.8748231542740541,0.9160583313018277,0.8502623851359796,0.9645812044363112,0.46549999716905743,0.04747349743309437
S1093,Julia Ivanov,julia.ivanov24@example.edu,+1-555-573-7359,7.271114584309874,95.75763806020106,6.498704851191684,92.09488779031147,0.08356203214847824,0.39027614177234315,0.25768709127299727,0.16994059136106732,0.9532037745086486,0.19541958841062246,0.959379272315231,0.7608388403212071,0.6409456721252235,0.6760189600893783,0.331474323659124,0.6464270380582822,0.1866921182812653,0.9377054325359795,0.30179333996059354,0.25518651229354217,0.7111627981941575,0.6564487180661819,0.45129891834330527,0.6324462346907863
S1094,Ivan Johnson,ivan.johnson90@example.edu,+1-555-169-7869,6.31535448002056,93.19682993714014,7.443828925365427,89.58807051213886,0.15949307176085614,0.673328307401955,0.2706106951951939,0.2728359766764573,0.16217993494378458,0.3323771350361646,0.3312510603113281,0.45417901170226926,0.1904195046663495,0.1930075361587663,0.5417385716632284,0.12887740467047515,0.6888970079888351,0.9439471258625965,0.42679562166437823,0.9011053131506768,0.09831659112586444,0.04295762737564457,0.7213688775138399,0.7610215729814965
S1095,Alex Müller,alex.müller80@example.edu,+1-555-280-3651,6.59709239990873,96.17859561637448,4.557966413046967,88.87351750730447,0.8430582409657513,0.05681767839998142,0.7769070549568304,0.3765387327965818,0.3033376326821986,0.17302392134329692,0.996015755102527,0.06366358931886362,0.8270080146079994,0.6394944354905275,0.7350804442618671,0.7117171199217964,0.8584344850731825,0.1837920698561083,0.0008246168346853766,0.5985284890432662,0.35385863932333395,0.12378733111713769,0.18613875410423886,0.3317493124592229
S1096,Kate Ivanov,kate.ivanov46@example.edu,+1-555-474-5543,5.0588498565930315,94.28527733897712,6.395672945415294,90.47176905853149,0.07023337088670323,0.05691320212845086,0.9160262548324442,0.3121027493536962,0.9822306974735849,0.9643670083303999,0.1425712823271138,0.7149243028961909,0.6008048891270692,0.6906470731051536,0.09619100001447478,0.18856007863455804,0.0766386614508815,0.6041342052170712,0.9865910758490911,0.6719845376579414,0.7107615350219296,0.9845850415432811,0.6780115541717961,0.04018157262847033
S1097,John Brown,john.brown59@example.edu,+1-555-923-3006,6.748646761395698,93.72851070449687,3.9209069070306204,90.04891822685134,0.8670056008565976,0.3646782903787963,0.004363621514715366,0.5072341775608206,0.9370150008762637,0.2573306871949832,0.4915131730528399,0.17377688778239075,0.0576926716664401,0.08054494671311319,0.7270109059613554,0.864074470742149,0.1432988392524911,0.2883185678104687,0.19502946764482731,0.026855776926427932,0.5534313698869836,0.6999221701376476,0.6478774808850705,0.3880535473022476
S1098,Ivan Ivanov,ivan.ivanov95@example.edu,+1-555-330-4409,6.075401569725498,95.41344719454496,6.631758263599143,90.12441728885281,0.5550102459399053,0.09409930663622468,0.15430371872268445,0.9317946195529834,0.7615077478198968,0.9227390958251673,0.9166802844993672,0.6493926171077407,0.9282386481121652,0.4167041030824632,0.0036162447849409363,0.06257111584615938,0.10948732570081521,0.09535345318286026,0.35170239085026345,0.7012708071093576,0.790648806600495,0.5902132743446247,0.14643617455697955,0.7479016021481752
S1099,Anna Müller,anna.müller43@example.edu,+1-555-870-9685,7.184119776838268,95.20629023670357,6.47705823504132,89.36579406341711,0.35480191913759895,0.012993348671796245,0.28058862053274936,0.3306005541409779,0.2742455352181029,0.8118701531875856,0.7599263975940903,0.6955520304126415,0.1390050785122653,0.807833909706282,0.6771759616633237,0.19483768648139188,0.6480939302815164,0.48351164100368105,0.43935006185622505,0.11212316347238882,0.5183042758451654,0.09993180897236364,0.16425338725426664,0.1325463142747627
S1100,Maria Brown,maria.brown12@example.edu,+1-555-508-7237,6.338349727551687,95.17709848699126,6.738475627875677,89.64563294499789,0.9541082790700076,0.28486469044389007,0.35520432359600773,0.3220806062960361,0.8982504451781438,0.5629659113348885,0.9191598989333117,0.29992490582789555,0.11483467443194895,0.5562184527241746,0.3455369917900175,0.8019068334907483,0.8794234089116586,0.4725735109070718,0.9713590240855083,0.5530130063444059,0.27092039338631246,0.4889755153442745,0.0373102924029276,0.8040011602630676
S1101,Anna Kuznetsova,anna.kuznetsova22@example.edu,+1-555-924-8618,6.969050530158901,94.76074508727616,5.894212049404683,90.74656713782167,0.10143505085442095,0.30874848850300496,0.5653165470049434,0.04297512564689887,0.07931689918144824,0.6961163576130128,0.07177709306076874,0.4770828662473765,0.3386956334207504,0.22807940795641646,0.18877889786366542,0.7634112937325794,0.9515421931502825,0.14017974220333174,0.959681219174127,0.5947625034751037,0.6416604053632571,0.7099263781425819,0.704118890354581,0.8198111081856883
S1102,Alex Smith,alex.smith63@example.edu,+1-555-712-5864,4.7062456660512595,93.83317490473272,4.666033142301461,87.89974549213653,0.48346865134769745,0.5333585875147011,0.3238270024634159,0.10525759378311705,0.6646401909262191,0.03360996918625092,0.2756350510833683,0.09422986444610026,0.19072715732271805,0.6387309128973808,0.6284766302049182,0.42105491299571207,0.09017197648949116,0.43337391645940837,0.3527448718582934,0.7204591528559497,0.5790266081990517,0.49156576733699897,0.4869820823049952,0.9662968872604188
S1103,Julia Müller,julia.müller98@example.edu,+1-555-984-3151,5.889562003860341,95.67449050975496,5.743604340255683,90.17801107374767,0.7562942217034505,0.4969795604601278,0.4792226128889776,0.02647910130496345,0.9425092633198067,0.31917397176732965,0.25593908188074377,0.9994089253876713,0.7186896715045245,0.04736377329928798,0.06188547702557645,0.02550156396019787,0.5996188995128691,0.07156450006195181,0.9333883568449306,0.9369065400226779,0.5460540667480798,0.6166389313959508,0.2918944015252498,0.06397254240827333
S1104,Maria Kuznetsova,maria.kuznetsova75@example.edu,+1-555-426-7415,7.480295747039714,96.19491751904093,5.937775858746474,91.21822730061245,0.7374604451918155,0.10178598874901745,0.08555764101839314,0.3112231092042238,0.01246565983788206,0.434035615756316,0.7076809100800767,0.801348931421939,0.6043073037989213,0.8468742031139126,0.4065022037671103,0.8487720850604766,0.5064733104983793,0.2230361279982953,0.944145646660466,0.2749708738371165,0.02620148418779311,0.24267404295502693,0.36668756125742774,0.3513496832892641
S1105,Kate Johnson,kate.johnson65@example.edu,+1-555-118-5504,6.582913992590698,94.24634159855529,5.465039683021138,88.66751713869148,0.5246675094435717,0.8831268820359235,0.29233822710969914,0.5207706079591689,0.34013895368847935,0.8217730593732004,0.15760151328847838,0.1035102683100585,0.5029952532376017,0.6718875857654919,0.7955252010907665,0.5896248529053164,0.7738497613190006,0.3927100585609238,0.032867670266468973,0.11609930790155654,0.03872260122899618,0.32894365047649265,0.49549134126868233,0.3563174836569394
S1106,Julia Müller,julia.müller38@example.edu,+1-555-868-2591,5.700679531639713,94.67778498073301,6.723226517440741,91.54869284804938,0.5605994750663922,0.4806091484927877,0.6779428018639403,0.6669621635634062,0.3180641471086795,0.3462144553610915,0.5851478216413033,0.5964324678908418,0.3146999136371331,0.3303178857754252,0.6940450131861471,0.6474108228760695,0.1350508046797747,0.44104187967539343,0.8927060787105903,0.036305676104475215,0.8551639464842137,0.16317815706414363,0.5072486324617159,0.4243364289230115
S1107,Maria Smith,maria.smith49@example.edu,+1-555-821-4711,5.256036636160664,95.35354472143392,5.063510454758219,90.42722737961688,0.010129337341458822,0.915396937089632,0.4549252273343056,0.954268276760615,0.28674390097921787,0.8662757734159724,0.9223895739956305,0.5568324163707806,0.2026777878677175,0.68524743210572,0.5489780665294601,0.9445296658526259,0.43927206181049183,0.268513647639822,0.1382870014941071,0.6986335686866795,0.9741096189805822,0.028343770571398474,0.7404453547781268,0.9269303625596667
S1108,John Ivanov,john.ivanov13@example.edu,+1-555-873-6712,6.382022014381046,93.35218475673722,6.835467292411636,89.45549935847214,0.07478153422734934,0.11017004510613315,0.6919570984497087,0.6479633758957883,0.0688274153162457,0.8344227521511565,0.5234238478448924,0.9071973733366125,0.8779908809927044,0.8125077690501658,0.5158988962444213,0.25171064174943225,0.5059755039111326,0.10081137780178007,0.6588461484734262,0.13397721922900763,0.5111729625007231,0.05438197416681778,0.2995124902746459,0.23208046066978782
S1109,Julia Kuznetsova,julia.kuznetsova43@example.edu,+1-555-241-7617,6.019489785463801,94.03722282983928,5.4111450509812,90.38510139662543,0.6200315427116705,0.7867867120225087,0.05730295454052614,0.8502836851553842,0.8607676949546045,0.3422690742880228,0.6590040659703221,0.40261303170344953,0.1541908821896315,0.5286624185631104,0.08635967450159665,0.8784721553959879,0.9242897594096086,0.8216131370114036,0.5625281207559786,0.557598591125455,0.9846073766009298,0.24790168983118288,0.07594836590520748,0.5619409236011778
S1110,Alex Ivanov,alex.ivanov65@example.edu,+1-555-150-3188,6.3296800931572355,95.29579580205423,6.325729668535959,91.18859548997536,0.3287855978101033,0.32233877280804424,0.007085354169948044,0.596239409547933,0.26403370227561407,0.187858548192681,0.04043193139300372,0.3643615764756113,0.8789688723864574,0.33667080759737233,0.6790742101195937,0.7565469634019073,0.32810080919019957,0.8216407350120413,0.6918796596669491,0.5592422287009515,0.0009924640506289162,0.03509076592280813,0.9908658441060634,0.7822839235035594
S1111,Julia Kuznetsova,julia.kuznetsova90@example.edu,+1-555-898-8883,6.191492464222058,93.67082796483884,6.960500174914785,89.70166064511247,0.937565258772947,0.9023032049180275,0.020442983142750837,0.7918472897910739,0.4511457440111546,0.7895582040006557,0.006715784163385141,0.28819930120056425,0.7513237757913022,0.7930207886015898,0.619714601214624,0.30125618944626376,0.3103625912878629,0.9667639636420327,0.4392121792342045,0.44712555024383704,0.5523327502406995,0.40950233686438875,0.5526715645974142,0.4323354227675579
S1112,Ivan Johnson,ivan.johnson92@example.edu,+1-555-141-4415,7.503133200119639,95.34503940186423,5.88197622281699,90.31389830464167,0.8267149196021867,0.909051019798284,0.9321102598153617,0.5642962058293866,0.44214855746449533,0.7052400587918379,0.8383235912959066,0.5629822420663771,0.6999810218222613,0.749729350721248,0.6763937767172867,0.7461335557293095,0.20864533255599838,0.4983745470217975,0.5882685546050872,0.0024779308570230807,0.855962508813682,0.6100245084449121,0.12913633169820327,0.8163570725758271
S1113,John Smith,john.smith83@example.edu,+1-555-184-3439,8.25591130411367,96.86928247614838,6.062443021619501,90.14417153398537,0.7170569664405446,0.758299543463637,0.3920424618618562,0.8542025066949921,0.41402758213236224,0.5705091529455913,0.0006423036998737253,0.6448731146778622,0.7181757921279367,0.5671093654887923,0.49655881704361604,0.8099364737117083,0.6813727171652418,0.278074039720023,0.9590733380799858,0.7072671941953408,0.9879389289124246,0.9712613162688684,0.9189097228100899,0.7553715412253076
S1114,Alex Smith,alex.smith11@example.edu,+1-555-969-2755,7.468616141719747,94.23890507050939,6.299763335356429,89.97672343684152,0.6094293684969674,0.17217066368292422,0.5433514174237577,0.7653765223943273,0.5208571587055678,0.8682391284056578,0.10965589919169827,0.3809403480486341,0.5059644185936573,0.43232529586910806,0.10858654782155308,0.15352829404463053,0.8376172928554871,0.484384259201451,0.04872242675272764,0.016491258977649914,0.4734754019943266,0.1643787259244437,0.7051259459992218,0.7953234625277513
S1115,Ivan Johnson,ivan.johnson82@example.edu,+1-555-676-8236,6.782517390311798,94.24996807464554,4.569389256021928,88.13431490760783,0.2282967084571056,0.5921769448817807,0.154444643485386,0.303582651594387,0.8887954941814333,0.5440980914823108,0.8858886951442001,0.22524780417950696,0.33002434324866603,0.47095213845681705,0.4800800751945429,0.9976479671837004,0.11444531897113008,0.8519650356015908,0.8636820394218702,0.5531986315377874,0.34403716825915376,0.5192261042882962,0.2924677048065638,0.7991074484399395
S1116,Ivan Müller,ivan.müller29@example.edu,+1-555-892-4187,5.494354298309353,94.5871922435546,5.736127572016114,91.74350804618656,0.49827915871033013,0.9258421788774506,0.6226913443560438,0.5143193331146834,0.7110693539776523,0.5039329644302343,0.9045063504194472,0.1844459608868413,0.9733486837459057,0.812190551851192,0.8607333618648696,0.48290783237107116,0.8372015493375974,0.30677408357720515,0.7619481785641752,0.14045015838902264,0.3070519159625087,0.44573266335973283,0.32231971814342186,0.3870171156241836
S1117,Julia Brown,julia.brown64@example.edu,+1-555-726-5350,7.495394032916568,94.13411799529254,6.312937607205861,89.6336295872847,0.820104744783698,0.25667589214216757,0.7452811721545722,0.07371206911165185,0.7657391075150608,0.792023242829773,0.401698775502482,0.7224778231674704,0.9151384037450991,0.8007129735545269,0.3904465103969599,0.4842135142800644,0.7793575447858054,0.29259458984912357,0.8038827403088735,0.32807114256094116,0.8059905823855381,0.08680044335072334,0.044397296910590134,0.9976754473698223
S1118,Alex Kuznetsova,alex.kuznetsova94@example.edu,+1-555-196-3005,6.244072545763914,95.16679308447384,6.557254005277854,89.69466736450438,0.869457123234689,0.8828475034662039,0.9512799476066175,0.43831630941448785,0.2868355546801522,0.130024995017903,0.5012091335384645,0.22004832047660783,0.9355508567393197,0.004003162442779096,0.14319673774312158,0.2464758530834268,0.19895671159319506,0.2257784365797103,0.6560476050611784,0.3275120783131492,0.6150243819033733,0.8902579336462912,0.602556765525702,0.6945327912863815
S1119,Anna Ivanov,anna.ivanov89@example.edu,+1-555-772-7174,7.457466379460922,93.97225559647184,6.005705156126042,92.33790635393625,0.3655032982213573,0.15973846762270916,0.3205840624499061,0.9642826487041081,0.6218113844531371,0.2775111194340152,0.45091526716210384,0.8355130374309944,0.6684435707057735,0.5606528407291682,0.8851628766338411,0.6724395722167903,0.6427297307910954,0.18976813721076813,0.10638868301240778,0.965142117057399,0.5988583701003527,0.4156834091464291,0.5890208209102176,0.06181196107171538
S1120,Daniel Brown,daniel.brown69@example.edu,+1-555-568-8028,3.2230797426252753,81.43321450660618,7.591520178173208,60.58077709532979,0.8221272739041068,0.21664553556433597,0.804546006317947,0.5343784432636106,0.27657201365690276,0.03020994824207046,0.8158333553266057,0.17646014146930666,0.051805115639873445,0.7558777308258808,0.3500432223729788,0.38933400559165,0.24706758728071898,0.8591784786968971,0.29732952610653207,0.21019256975102385,0.3092497263361561,0.20314957516739696,0.31765522080520747,0.08293622286817304
S1121,John Smith,john.smith36@example.edu,+1-555-721-4054,2.9432168056073085,79.8295924188358,6.720517603274581,60.43030135895755,0.15853002911945835,0.4170528833961479,0.8794668555898764,0.057290746722285846,0.21267470676003064,0.9083456755415963,0.8900146741599216,0.6794508332959412,0.24047355409523796,0.41981056105578574,0.21122099443796505,0.12858850912520325,0.3799983945138915,0.5758216050703502,0.35993267546480523,0.6108245504659697,0.29625473537930547,0.3458505277607903,0.7906735916446096,0.878314730893858
S1122,Alex Johnson,alex.johnson56@example.edu,+1-555-364-9504,2.148462810814232,80.66558523631343,8.58528700444591,60.36653140723723,0.32203408153105206,0.5715158013452762,0.27816228389226805,0.05333464170742752,0.737857181360408,0.17100348323615033,0.42571252374691715,0.4870454933791568,0.18447158417910592,0.09455535066339626,0.3480130146710706,0.9522859075503184,0.6151355899884214,0.3814102284029025,0.03891082077421493,0.6002732813910818,0.09225764093537259,0.5425440710475263,0.7519505082717429,0.42358534829478633
S1123,John Brown,john.brown72@example.edu,+1-555-973-1275,2.713751266444308,80.4539655793087,7.1913269444535874,60.93554712546515,0.2994114948165244,0.0473842338175986,0.024777875161596796,0.4300265696455212,0.8833452707029679,0.24406277879319038,0.5740555057818213,0.6843058196797618,0.060829867501361434,0.1531003758033771,0.33127679341956706,0.6700931741485705,0.4390351122280969,0.7341950682182453,0.8675978655731925,0.7583722765985429,0.9922472073132491,0.7543610687316497,0.8521791950074505,0.832366358465001
S1124,Ivan Kuznetsova,ivan.kuznetsova55@example.edu,+1-555-810-2196,1.1685939157848764,79.66439263188136,5.509188004876002,58.5049391697728,0.7302657622800466,0.8018018166558906,0.9346832278674102,0.4752073785262926,0.6382870239125435,0.5149397215727727,0.851036987192073,0.4313596028715073,0.8197267711447329,0.7993545750571388,0.9618861013685905,0.24892069925741878,0.7096195098859123,0.7569194976474862,0.9362784928046657,0.9069024180555311,0.5735258617084483,0.5791531858639798,0.1672912284042294,0.9749627024237711
S1125,Julia Lee,julia.lee45@example.edu,+1-555-874-6298,4.363862229813909,80.89518498197168,6.7805197667152095,58.4974965439591,0.25501746270342684,0.7247362184512921,0.7957950048053125,0.44121550461138104,0.211193720029058,0.18896038421968675,0.8564960009015917,0.5107564867485148,0.0901369820382667,0.7170194727628887,0.2501710528050296,0.8763947507508792,0.30957178602997526,0.20027083009014313,0.08485844355493433,0.5115311366376475,0.4507375878182873,0.7513121446031429,0.4646025871930364,0.34381596892437105
S1126,Julia Müller,julia.müller45@example.edu,+1-555-718-7311,0.03547116215834878,79.45650449206737,9.920415012247403,60.434884271463645,0.2616549156329441,0.2781467454699711,0.927847901827814,0.16507860208781233,0.9881764245571502,0.32691945519222476,0.08839023541749746,0.24869038078786498,0.0584143795546187,0.7900297691639159,0.5125529125411055,0.3369866188668009,0.6620496046315625,0.6306465259503202,0.9398720892275902,0.9612605167483796,0.6806837756654053,0.8178159272441685,0.7924251003351785,0.4913035326998998
S1127,John Lee,john.lee63@example.edu,+1-555-643-3255,2.4404277139505104,80.4650802095003,5.939041647005557,59.70267663730237,0.7044582880334169,0.07825900768357019,0.7580210831503069,0.9618330071923676,0.08497475312573843,0.8361157845918545,0.9329800266492713,0.2261888898020621,0.5248111876092038,0.9278582254629885,0.9602260045229679,0.12788238435231636,0.34900422555545063,0.6981446411508566,0.2215584993859303,0.3247706286344808,0.023291060004693276,0.1535216809311989,0.5623294944177438,0.6530900663041828
S1128,Kate Johnson,kate.johnson13@example.edu,+1-555-825-5986,3.0994774730157384,79.91389934817896,8.29080612169008,60.344645226236054,0.6489118310958369,0.7783604707782167,0.41528141373879146,0.2734907162411555,0.015580700042524986,0.2066298260523869,0.31238781220203726,0.17820685648046553,0.020144471496602256,0.15744760866519159,0.6660995535675723,0.6295854164725958,0.9356836393980424,0.7981682913973093,0.5677561168411912,0.13755634749321133,0.5640718189251569,0.061595060914180766,0.4308848974108528,0.39025862894719543
S1129,Maria Smith,maria.smith98@example.edu,+1-555-590-3865,3.668326018107997,79.31162771776924,8.397815408410548,61.62893694762399,0.42781380936294167,0.2798259183947872,0.6858304476238237,0.8409444672987795,0.7685169925989775,0.6277520957908803,0.5383447993330133,0.03108418000803037,0.7229339986919212,0.5449829395784974,0.2707410506638869,0.32784203885344165,0.9356067864697414,0.624362245117227,0.4759124346575283,0.6209217397084077,0.413742324985657,0.4701822732030162,0.2903092567076704,0.4398533005916445
S1130,Anna Johnson,anna.johnson19@example.edu,+1-555-109-5986,2.0298504803485873,79.11230434428543,8.835784336320232,59.80865601330494,0.6855922324379105,0.03994192508646921,0.7950274072961548,0.28297954086131283,0.6825597934324997,0.64272531468006,0.6526280491413053,0.6081289162558029,0.9591018380695349,0.5083441626953908,0.7323191155153514,0.7054493312345776,0.23626757727833037,0.2833058391868256,0.42401709815696786,0.27769793046320923,0.3667430989299597,0.39096061392830594,0.603864560938344,0.21989004273506163
S1131,Daniel Lee,daniel.lee97@example.edu,+1-555-410-6933,4.403821392066557,79.55746428810781,8.955045576270711,60.13148581680545,0.8042918658766873,0.4375363567715046,0.7062441116832469,0.08144248124081788,0.4699653941243669,0.02821953217732831,0.6759099918155648,0.34371007699706957,0.9492528141058286,0.3241242146014194,0.5638058980177268,0.2573875756946147,0.6201126289473403,0.4670423501332346,0.3706282615056329,0.20368934908017988,0.1115213439714553,0.11987913395667327,0.9990400175055532,0.4123107268572347
S1132,Kate Müller,kate.müller13@example.edu,+1-555-427-9754,3.2582288233226953,81.5647180216699,7.138229522555829,59.05887790407504,0.001929707873339459,0.9529287906260143,0.01997992422981265,0.4185861255545337,0.7174775859706559,0.9145992443717617,0.712886291432101,0.4636257549000118,0.9744420389841034,0.03931938303327043,0.986892202538008,0.8493915517084389,0.9289300171263591,0.25477242409753664,0.14245807228426977,0.6633152793727001,0.51585943798612,0.5231679607443794,0.9246191784832176,0.6200809066532622
S1133,Anna Müller,anna.müller55@example.edu,+1-555-712-5100,2.5514357919716457,80.45233395064314,5.934240927819486,60.637470902651124,0.3110638351045899,0.40006655641787603,0.13349583509185126,0.19231404027568932,0.1433500702095385,0.8102913412113545,0.7048734679721188,0.5303450176108518,0.37436783362757076,0.6684942903243505,0.812905347695761,0.881233215671709,0.5470162282063336,0.8198851218197009,0.511305953412695,0.47453008918789086,0.8654318556221002,0.386373936264664,0.39591267904070226,0.30491134528491615
S1134,Kate Ivanov,kate.ivanov47@example.edu,+1-555-736-6833,2.4612286823822567,81.14781266073356,5.105739695099528,59.213434224895835,0.5187017282946167,0.5448500336894607,0.660461145310457,0.4305023101095705,0.21783729188359935,0.8668420624138758,0.3460008672380144,0.9229434198401747,0.20735333302645576,0.5600574762362305,0.5366150935294522,0.8286478479269953,0.13885138675082975,0.9099371729174613,0.5314281721720702,0.5861093839143664,0.5101662932977671,0.03602490683626647,0.4970906618065981,0.26354966267699054
S1135,Alex Lee,alex.lee61@example.edu,+1-555-657-6201,1.313531848765898,79.17377053363604,7.7476659011089435,59.82077337455024,0.34268818037783144,0.6491015991871399,0.49769712947410594,0.09321821266746044,0.07304127476175892,0.18565769561737033,0.19088514657222366,0.6083007569713649,0.1778144640455428,0.8817194232747706,0.20976066061341314,0.09113144542638263,0.8757460163596469,0.295327576076733,0.4254226298337358,0.9590263840124423,0.9443692191577738,0.7149168892649178,0.06893895173255471,0.5933401254113975
S1136,Daniel Kuznetsova,daniel.kuznetsova48@example.edu,+1-555-937-3857,2.746622431051985,79.84081512861994,7.703388240619944,58.99146395805689,0.9890779350422578,0.9469162284239805,0.10600249251994287,0.39596730309036865,0.3155367459028393,0.12972810690490555,0.6947983112487609,0.27384836436023674,0.3448658031252978,0.09035887670141796,0.4979675587786656,0.15816786365205648,0.4320904235794891,0.1433422221033015,0.9538498899501457,0.1449825331971426,0.5218871538506332,0.1969798253189875,0.07636180347260924,0.20230861884209816
S1137,Alex Lee,alex.lee89@example.edu,+1-555-488-3277,3.706849640899051,80.66266597038549,7.885037937656101,60.55653344275126,0.05477410739043609,0.13939738312098882,0.49348415776321697,0.6518155210575742,0.08733981507178346,0.4410186239042685,0.581247022853352,0.2342256762110615,0.3720784115160254,0.07183486973360864,0.2201310802330949,0.46675292591894,0.9904421789253223,0.9962650629391334,0.9796216811242879,0.4230863863003276,0.08068037841466502,0.3235734372493335,0.23771437537097728,0.014126574909854583
S1138,John Kuznetsova,john.kuznetsova11@example.edu,+1-555-611-9889,3.2964180008086594,82.03507330273106,7.4129058289474905,59.692916781665424,0.0952336102883754,0.4531919350490661,0.339662463804297,0.18035372163448304,0.7160999706587471,0.35711559589661857,0.8518678557465443,0.24097716026311733,0.5383934900866247,0.18413921714918247,0.495300616385842,0.1524665089783862,0.16157862437152193,0.6122233770420157,0.26378604217576673,0.1723672265642473,0.9297682501350731,0.04300325074005107,0.5651481126958872,0.5482638418332653
S1139,Julia Johnson,julia.johnson97@example.edu,+1-555-646-2861,2.2464724196426222,78.96773732942216,6.255528212398925,59.11120268676908,0.2506088744030598,0.4527717451128178,0.08773778308263547,0.7212701459238856,0.2216971483768232,0.1933853598265559,0.31487847827750304,0.902369920263142,0.7964666482835426,0.9468922911337576,0.6519623460330854,0.6629215110320876,0.48003099942621696,0.9051863233669755,0.510877149270329,0.35506007079502466,0.6403750099176652,0.5461394934009635,0.12401981530989548,0.39272541391242954
S1140,Alex Smith,alex.smith71@example.edu,+1-555-928-8111,2.929319618347929,80.33429512849771,7.551142058552162,59.23446472257029,0.31332541109448,0.8468337750111318,0.37884255697310876,0.8215552326388926,0.44238959390094557,0.75350056344561,0.13528192851118992,0.9246502196584624,0.48055989079891825,0.2597982456263064,0.24148960636480687,0.2650772885749719,0.36672417291796766,0.7175195326756167,0.9496030429007936,0.6690374301236321,0.5471662709441008,0.44859780801713467,0.8281944670376165,0.8496572024460699
S1141,Anna Müller,anna.müller79@example.edu,+1-555-495-2319,3.9001845640199635,80.73941267230094,7.340351692577983,59.347083855335285,0.2930376744328186,0.9534202486534301,0.3951153632063821,0.8000780691915278,0.9668198780822334,0.7036581008556112,0.16155072645119373,0.5861369551739308,0.11877712309557842,0.7891420398689263,0.28131517387388294,0.6952148230600186,0.9100896741301989,0.1810098506701724,0.39285783860116674,0.6471187880735663,0.41965859280950113,0.17481894162471523,0.029071614168797,0.4065981437019629
S1142,Kate Ivanov,kate.ivanov22@example.edu,+1-555-461-8238,3.5484279208297993,80.1879735874861,6.051872740584953,59.9320197440156,0.6492090265819204,0.5739842081524886,0.15624123976064241,0.45069344386738663,0.3694710461812528,0.27420240229339987,0.7292712438603892,0.30965203002718433,0.5401419523330292,0.9232235352696165,0.5392759822535824,0.6170229101605608,0.0732459861675514,0.1781341437417363,0.10095119929811347,0.7648129483558401,0.8359210809168424,0.18645529319457765,0.21927175092309104,0.3232072894927829
S1143,Kate Ivanov,kate.ivanov15@example.edu,+1-555-618-2671,3.262035812074381,79.10030521351224,7.689843392837443,58.545177514742214,0.5910776169538354,0.6217961938000195,0.6867539585414576,0.9051927562134626,0.29504014049653815,0.6587589892067757,0.5597228457776922,0.3058372404125671,0.9074151865936734,0.0954834119592175,0.7120010268320515,0.727873713022602,0.9153265276899616,0.5185805923513536,0.3216223382192459,0.8277406698600205,0.7708102818323926,0.5003156144194704,0.7678573756338111,0.2678756020772608
S1144,Ivan Ivanov,ivan.ivanov45@example.edu,+1-555-242-9703,4.336186100012171,81.24794998505944,7.247482665697035,60.36345433783907,0.5895063304034679,0.8651834547878755,0.3179845046165125,0.4835499824307432,0.9510448541728894,0.7982118419717367,0.8870390203305527,0.38524706089044636,0.9965052596345588,0.15256560468381297,0.518770583216309,0.4792733822962494,0.7984321908001345,0.908617772515012,0.7311393769080597,0.6268162361303028,0.4274291908485037,0.5103259170757342,0.5093003132248218,0.020368473684377664
S1145,Ivan Ivanov,ivan.ivanov38@example.edu,+1-555-502-7173,0.5900780342001251,78.84365233973466,7.20622107984787,58.92786697857314,0.5030458048276777,0.8559708001741249,0.7092740111422482,0.7957086221250048,0.390484989768521,0.5289732369129581,0.03348356899710048,0.3829979421693436,0.474416044892644,0.25520889959908166,0.031240978990649815,0.6904081087789521,0.4350877508488432,0.4156781931122342,0.2499867540285089,0.5378303989980171,0.43802678127073147,0.47398447302909097,0.580871348436382,0.006324647239735359
S1146,Julia Müller,julia.müller79@example.edu,+1-555-424-1810,3.714396482630659,81.99729653074799,6.323385280570698,59.16253659591481,0.9076959035384226,0.07108739694508126,0.4509247473159945,0.20737287523938142,0.5237823693698753,0.28023010879713783,0.8600064980626039,0.39635983396242025,0.6387555557684373,0.24887972814787895,0.019406150494017504,0.4041545356132761,0.5364864895582901,0.4595471512617503,0.96201436381886,0.7068391738460283,0.9956698006253952,0.29506009031397196,0.7890532796071466,0.5555584675466139
S1147,Maria Smith,maria.smith89@example.edu,+1-555-470-7237,3.2354483683099304,81.61111614849962,6.277625687460096,60.24903612230694,0.6117603544484994,0.9858532004423277,0.653987199751117,0.8988168923369179,0.725750234719247,0.12738612172475006,0.6994237103223125,0.48431558868548197,0.9187979929823424,0.8068344471904552,0.10413468760722522,0.13391564365355846,0.06961100179860558,0.4932448747446174,0.08077175920735302,0.723678336574694,0.5523585814504327,0.8358850175531424,0.27979578867131627,0.5191407841611407
S1148,Ivan Smith,ivan.smith48@example.edu,+1-555-399-6431,4.8212988508131085,78.34824085182073,6.218930793154168,59.57639339353916,0.11747968591054436,0.8846100026502804,0.1750049622898383,0.102362251350405,0.2050505985231833,0.8062314887229814,0.1058145276846828,0.6144274948381659,0.7461813006151257,0.7510811604828711,0.19006088660813114,0.06162399837761201,0.4488063837722176,0.2024853452445461,0.699270809013938,0.356692799655421,0.4493539410331321,0.11348493310171182,0.5675502865481917,0.1855241896319073
S1149,Maria Lee,maria.lee78@example.edu,+1-555-493-4037,2.4794115871445888,80.81260128775365,7.741659719820838,58.22503794035787,0.6789856609149371,0.0711688225478937,0.9758945922813234,0.6845269785858117,0.18172956781192617,0.014094645461855793,0.33446289220521874,0.1528132640522074,0.21841133311954597,0.8727502584378894,0.6032046600508495,0.17645765302889949,0.5566594006874488,0.25578065342499323,0.9762008643580892,0.03275723026369526,0.7323184221678151,0.7729970261914273,0.06716276395770027,0.17186936423135157
S1150,Kate Kuznetsova,kate.kuznetsova15@example.edu,+1-555-329-3346,3.5154104029008106,79.42246111264436,8.774447216941239,59.37241246356308,0.38430665910395756,0.8681548265290678,0.5369999384184994,0.6553068500072905,0.7830128354568426,0.82812278833752,0.47628454308368107,0.5087931387734813,0.7180058570877794,0.2633423587356264,0.8544897363655244,0.02078682447584157,0.19577160220972467,0.8001999430365032,0.34025821189267225,0.14983283269230596,0.18675475571140332,0.5307564019360695,0.8461815293449878,0.0706507157711106
S1151,Daniel Smith,daniel.smith76@example.edu,+1-555-329-7468,2.363384716897764,80.54113161080453,8.262926482336937,60.4480993639362,0.030480909124649402,0.46516813583684313,0.9561874150536347,0.2790098034141264,0.9591705390670483,0.8876811765900013,0.2831350763875111,0.8169480642561467,0.6858673025688188,0.5118223889047572,0.4229161430428747,0.8155027559254567,0.7930794326950212,0.7569363359425592,0.9982559512152959,0.4785124609413839,0.8069229778199158,0.8624783669834785,0.21160258145368394,0.04206644205306098
S1152,Kate Smith,kate.smith18@example.edu,+1-555-403-7671,1.3144026826151918,80.53803443992825,6.465691948325601,60.23527611158826,0.40474840218857966,0.856736684436776,0.28910328119451023,0.7000101540674241,0.007348139064262682,0.35536443232023773,0.6155166947581512,0.12975719007233688,0.8966069121474339,0.15627397711707924,0.9097935450039947,0.21638930868297468,0.9942786739158408,0.6047487132955909,0.08434489443831128,0.06527723447865985,0.07492169625946876,0.5898927472909519,0.8095792023273852,0.40296274177050573
S1153,Kate Johnson,kate.johnson69@example.edu,+1-555-379-3944,1.5762655646009398,80.44632214754306,6.693401095692628,58.71736534973948,0.4448357592818618,0.589287703664628,0.5330406047863557,0.6880617331012702,0.47178572016302656,0.7138606850640675,0.9973107425466341,0.3502978422487649,0.012215462915350805,0.12562504555165477,0.5535141849869538,0.34425778714465205,0.9399825937049925,0.627446090107383,0.5203551859654679,0.7980395012720187,0.25858987104909514,0.8197385402823597,0.003061104864092945,0.6196773621357177
S1154,Anna Johnson,anna.johnson44@example.edu,+1-555-930-8885,3.7138201364823997,80.24164452167675,6.886023198607103,61.45117884902106,0.934757151045779,0.78785995203387,0.8536341921473594,0.3969546951715005,0.8242389461001263,0.5508316650302666,0.6185402365031989,0.05891533933580351,0.20155169717439214,0.5509644155135526,0.05880105782349765,0.7414468065877132,0.8400570085219016,0.9203623612948049,0.10176845917980593,0.9397202480228001,0.06762000762929499,0.4740562159278153,0.8402510206278118,0.07031113856445537
S1155,Maria Smith,maria.smith46@example.edu,+1-555-460-3419,2.5593475784302577,80.03210767397094,7.768913447678601,59.38033406587139,0.018231072988983632,0.02494771870665069,0.5112702394360336,0.811596744596663,0.12742667107259964,0.12461025407954063,0.5685468550497916,0.2342956008119237,0.7302137351448739,0.9496353881767499,0.7660334066004131,0.8771753663789165,0.5195860575716703,0.8323193042175333,0.18290318398668237,0.06834789039562739,0.6559531101246859,0.051952503758055935,0.8924814191396805,0.6915541471074186
S1156,Maria Johnson,maria.johnson34@example.edu,+1-555-743-1628,3.4711362933999292,79.46654765283527,7.088361677783791,61.36264263980334,0.952200725408912,0.31388665631323565,0.48615830920162084,0.741690365045119,0.24277898546082055,0.5418488201116669,0.6594672750054781,0.9788086544470412,0.7447032942423848,0.118130850279074,0.4753334513833103,0.5887707829895721,0.14662314286435274,0.4319660569810784,0.284005816335823,0.11882754226202596,0.5120419334634545,0.16563308101234542,0.5905374085857233,0.16969693224186544
S1157,Maria Lee,maria.lee45@example.edu,+1-555-510-6398,1.959413947487567,77.5872196690705,9.110936995011894,62.549327952607,0.7235949236028211,0.1952416230296704,0.8962851007761495,0.02620935654880885,0.521997387045736,0.3201047658865469,0.2250765257745908,0.47160277916514803,0.8420195363242607,0.9152772055266487,0.30324861814784576,0.15424362209507125,0.7201404475663072,0.5819987254559883,0.2010161486775599,0.7602957880874366,0.5189304352421411,0.6533951995074075,0.35933903396338873,0.439097561302376
S1158,Anna Lee,anna.lee87@example.edu,+1-555-707-1963,2.594730734550668,78.06316195937981,7.189516023804056,59.71377705015933,0.1803420983749422,0.756515867645341,0.15701132415179186,0.7783025947510613,0.798007854884586,0.7466009640551217,0.019422788058740426,0.27313321260667356,0.4683377427918137,0.5955443787167958,0.9192220993690502,0.3756059721287023,0.8750233187739541,0.16342928813683655,0.37128048750862697,0.052282010821323,0.7424892910556222,0.15065275743291295,0.2570200156484578,0.7752332521932148
S1159,Anna Müller,anna.müller81@example.edu,+1-555-102-3489,2.810076158977743,78.88661195807815,8.079561142476477,60.524507375286085,0.53471671742271,0.013972719418462565,0.002235204747397135,0.5106606317398971,0.30495551374919483,0.18031144599517712,0.6135939377161109,0.2284364717174271,0.5922071496849479,0.3792659505862729,0.18674621766978972,0.13810473786874866,0.23686060312728807,0.02983210801298508,0.30812696203626844,0.9019546901817942,0.8313621258830283,0.3720037567196589,0.5758336185818038,0.5673605590140585
S1160,Kate Ivanov,kate.ivanov40@example.edu,+1-555-207-5564,1.5055943801806935,80.69919673169488,9.552684981945891,60.17196033243706,0.8287375391937123,0.2362901015169656,0.29638748879301235,0.3017854337456115,0.04086998977167433,0.3146878632891922,0.877913776588007,0.911987647571481,0.10963534576855039,0.4580585416184314,0.3813489015876391,0.4893591966233879,0.5547195240586772,0.02025876001774607,0.8422422479211608,0.9736640731733385,0.6534048120036423,0.6604522384933692,0.5279798578307084,0.33427341171438174
S1161,Julia Ivanov,julia.ivanov36@example.edu,+1-555-926-3576,2.662674837931494,79.85799678559248,8.115256766968562,58.26932839449278,0.1489778241795211,0.5840633426960506,0.044941403509207056,0.8245025676918739,0.42091169947061546,0.4147542241619748,0.32717085847590577,0.9693538886985864,0.17491695277071884,0.15130782147521116,0.16553150154503016,0.658527482850764,0.9918953187295984,0.2354751704017547,0.9056173970674878,0.2786165592081724,0.6478999201253002,0.04049895193336772,0.495653974576189,0.6545699662789818
S1162,Ivan Müller,ivan.müller55@example.edu,+1-555-507-2934,3.164390702977302,79.60953605053719,9.347825012956045,59.82582726619504,0.5363197772226286,0.23783538488179112,0.8284969482679155,0.9701365112382403,0.4591960956920653,0.6359192651892537,0.7904132683455726,0.24148906062179398,0.8644503819287854,0.28020090530999753,0.7758308035152388,0.11209923242642206,0.2883867034141697,0.5336199339398677,0.5249220957043151,0.8504311844863662,0.9961272576386072,0.10721084586014062,0.27138813282503704,0.3575982102230758
S1163,Maria Lee,maria.lee70@example.edu,+1-555-139-7327,4.66788761111952,78.896259302218,8.087259166802792,60.31940026379123,0.47891840781000505,0.49390974315439906,0.8561950631484166,0.7705593027850998,0.018851579037953314,0.4550217605831879,0.6180738382440888,0.4603955870930234,0.13064525602570232,0.3974740836906482,0.4116556951297361,0.18771592244975877,0.7563071144709534,0.3214006801424768,0.5889872905686162,0.5157301809587675,0.8774270792163887,0.12201493186283818,0.11426300825346014,0.3003196691230158
S1164,Anna Kuznetsova,anna.kuznetsova26@example.edu,+1-555-330-5922,2.130952752135218,80.17739611463693,8.7125188368316,59.6762082957134,0.43121496812583504,0.2985422487521395,0.7631870823952438,0.24526584310929966,0.08477474277224473,0.41379980988414755,0.773379288138484,0.8505619435867413,0.7333448483633508,0.557886678499744,0.7241917017491767,0.6813895353038614,0.23436663249506084,0.5507588922031937,0.770609332638432,0.3171206618751382,0.6539731467169314,0.4814804275187985,0.50315885094502,0.09005503778215973
S1165,John Johnson,john.johnson74@example.edu,+1-555-714-8557,1.3080373508302368,79.98243717352256,6.597576905207488,59.65765906133612,0.6662171653053798,0.8656870353545201,0.1414312880258628,0.36610566221644936,0.04866745484083501,0.029631885976391104,0.9896584966717438,0.49347150830638464,0.3555190186352464,0.2748770766250189,0.9800126449449591,0.2522507855216837,0.7257083957377433,0.2837580958059338,0.07048950535691911,0.6832766145179413,0.0016308476298648733,0.6757485115605695,0.2503765989898231,0.7461042320715012
S1166,Maria Ivanov,maria.ivanov94@example.edu,+1-555-266-6230,2.918412230314879,78.29434778398448,5.884341660679322,60.48206683552552,0.7697501673506494,0.7241072388175379,0.02448344146761039,0.7037366196437684,0.9901456140557632,0.2426253685256229,0.27423857222533854,0.8135265495805395,0.16039680505608056,0.6605836755045515,0.7550263775005784,0.03716066181935718,0.5537620942652262,0.5758772585358829,0.3034428973917942,0.8763446693975172,0.16274971929985638,0.3641947095058605,0.8486686871473293,0.1906427566059925
S1167,Julia Kuznetsova,julia.kuznetsova85@example.edu,+1-555-918-5350,2.4772813038303196,77.43525565817943,8.284844036608135,60.27236975527424,0.821374136327675,0.07906917736795571,0.48922906718999004,0.07533066244570341,0.6779035850615143,0.7906014890556002,0.8498585482468028,0.9812622507439888,0.6720157222995868,0.7690619138400203,0.5057582783213294,0.9127369011811262,0.6437583821994626,0.8835514062513434,0.23545201701388085,0.4967377807180643,0.729818921063804,0.20272175456268327,0.21133979326197827,0.9780427404056374
S1168,Maria Kuznetsova,maria.kuznetsova58@example.edu,+1-555-136-3351,2.286125175963516,78.68316978894175,8.335807896314337,60.34935062256043,0.43461036073720605,0.18181545292377166,0.331463881981506,0.3973761482659256,0.6230852574702211,0.9230146590477525,0.986590075922091,0.6516987589111125,0.6999223607977247,0.32182916969658903,0.8571585954487491,0.2177983352203149,0.10638064931096758,0.9732559900976508,0.8641386768205322,0.30364513453813335,0.6751707163810492,0.4670183574131995,0.3231282061454709,0.28677421076029486
S1169,Daniel Smith,daniel.smith38@example.edu,+1-555-814-8127,5.382602282684074,80.42018859872493,7.887703141262015,59.833072069891436,0.13602744522090648,0.5493180822758392,0.4465966901175078,0.5121864202999443,0.21535716747940448,0.9386106707732477,0.6385911963305415,0.8996006573833368,0.10927116603275544,0.6228509658561748,0.8494618186441611,0.33092077981446666,0.1951431691359864,0.26502130580561967,0.272933726749799,0.44719896492353517,0.32596360277933156,0.2712740727079913,0.6485122984051379,0.05303237167188446
S1170,Alex Müller,alex.müller38@example.edu,+1-555-382-2771,3.816775867200791,80.62508520124815,8.751725008565195,59.47867708136272,0.34036377813972996,0.6897519659404748,0.17584974928100594,0.22092786221291238,0.20066662541291747,0.0009261067314049187,0.4737677518315727,0.038958789416123185,0.2729398117749001,0.9948034245919716,0.9183962113902998,0.2150758081563342,0.31000243191393273,0.4637045822685515,0.8444135466592435,0.8026459413930911,0.12624143656628217,0.12444884834835213,0.41673225389404467,0.8700953896137721
S1171,Julia Brown,julia.brown76@example.edu,+1-555-362-3179,2.5645925270560377,79.52089682908802,8.290801721178989,61.49837444029673,0.8820849990955023,0.10736584968653018,0.5742972879655516,0.1556751971251129,0.6861293100027828,0.9164332479289065,0.4547692924755936,0.0830827746920515,0.5792541958945455,0.4085166701358547,0.8108987523339602,0.34034446392638773,0.8748972004725892,0.27370040763478487,0.15751763588868595,0.3064803773185799,0.03491579182274651,0.2812459668742413,0.6601176338820307,0.14228297855659233
S1172,Anna Brown,anna.brown50@example.edu,+1-555-766-8573,2.5411595068506996,79.5752262722069,7.814077223869799,59.754238499987096,0.11136497278658797,0.1323852912543504,0.07755167426146636,0.8746354118429396,0.9441151154965282,0.046561151728786276,0.7600717815435403,0.7371517467171977,0.9969094246100404,0.3478706617210682,0.2855089916904162,0.45308212080982724,0.8565751771491905,0.7285936425378988,0.47162381396750275,0.2445628432858732,0.7270157412683711,0.8545268680421961,0.39995123106749086,0.6685854458209842
S1173,Ivan Johnson,ivan.johnson19@example.edu,+1-555-141-7669,3.95205365313989,77.74822270938095,6.673294953083105,59.21758366603856,0.40021202117659815,0.4784934381414848,0.5249103799549136,0.7757258140222779,0.9775059841289311,0.44436616263823236,0.3423150062476059,0.3735910064723913,0.13388906937518164,0.29693873781772273,0.08644741326880623,0.42789426317924717,0.16735726931104888,0.3464067459744087,0.7935777493916063,0.24592765058913602,0.611894621342069,0.9011814192486128,0.5669291870295469,0.19379261277241266
S1174,Daniel Lee,daniel.lee70@example.edu,+1-555-776-6515,0.6796439876138551,79.0363615556312,6.584843884154074,59.79889534548117,0.3447661939659543,0.590369207184066,0.5066111397598535,0.14861983627690378,0.44679634469056895,0.5430666949102484,0.26733271445757245,0.6124455153398519,0.07016009948520985,0.3366070335655168,0.8042768327775744,0.2592848009081554,0.6051768500030782,0.41002971371031194,0.3164601424152468,0.9161316879100269,0.3432617180803835,0.23667590148701834,0.9093013156402705,0.7459443559358149
S1175,John Lee,john.lee22@example.edu,+1-555-883-1350,4.112965891660264,79.7549393488093,6.469186279728846,59.94304545878647,0.6817997136981974,0.04953494206687581,0.1312049607157758,0.6383399638096628,0.2094328365262602,0.22563798563035908,0.7791385153436107,0.28592494883694264,0.071587302151916,0.0364319473098611,0.4431779872452878,0.617128577684646,0.8688852333918029,0.11080439503263928,0.1966728262882963,0.5298006109074711,0.36410836224197507,0.48253745124549463,0.9241246489842154,0.5448916538646872
S1176,Julia Smith,julia.smith97@example.edu,+1-555-729-2145,4.04917362144135,79.02404118388509,6.5894251160785515,60.558548959274226,0.41512061061207595,0.9894399066997448,0.06521566989953631,0.9321134483711719,0.501661842065483,0.5037563377671381,0.9219643342032092,0.5073239795930695,0.4384070905301488,0.272488592117199,0.6588167668174209,0.5696450909797616,0.21434543694778307,0.7094129150613248,0.6440868573366405,0.3973338842065408,0.00440092190355057,0.4465811501761877,0.006058117130251728,0.07499848929903985
S1177,Maria Brown,maria.brown47@example.edu,+1-555-906-5499,2.7784638842691995,80.64748469070948,7.4863532082047035,60.701663648089564,0.4306099024808341,0.0819198841853277,0.27566543378716624,0.6554913685589684,0.30861534260941903,0.9976485941215104,0.9163020339149811,0.5853099045855237,0.9669471386349304,0.8680172944325221,0.31889851884048703,0.7495962459853094,0.13683178400394735,0.6845514243787411,0.49108182649458043,0.016825939252824718,0.27422982239037075,0.9553822174042486,0.3158314850884807,0.18145445530144066
S1178,Ivan Brown,ivan.brown40@example.edu,+1-555-181-7716,1.9649218859593591,79.98791534921173,7.2893099856368435,58.78410907589587,0.18753144657220833,0.479213264641949,0.8426492406705349,0.7580017651333465,0.4368520075377743,0.20872688343696055,0.04606490010219111,0.46263031948273103,0.8147753485181917,0.7296819935943137,0.4086007676272503,0.5947026719176003,0.43624652094621763,0.5790161097901778,0.5175052443935492,0.680966600125159,0.507708843533124,0.9406109981675586,0.4280281815816862,0.015916303039710922
S1179,John Lee,john.lee14@example.edu,+1-555-773-5176,1.4365220521313116,80.68574903527467,7.149047617782022,58.977719718352674,0.23637353540898454,0.500606858106656,0.540571851888662,0.5523847893120535,0.7145520982700821,0.2746481426175279,0.6649036790414772,0.7040322731192128,0.4112807526208263,0.40216909914632204,0.17892478565644976,0.41398737625537374,0.7868162917070124,0.9089730055498839,0.5936131913179654,0.2993703433542988,0.6822897186597314,0.7401462086960039,0.33221277878066235,0.8265478614895467
S1180,Kate Johnson,kate.johnson24@example.edu,+1-555-379-1155,2.9038210630766677,81.1280188573493,5.219262154628077,58.50336131009667,0.07369583213834008,0.010753717600025525,0.12297077263205258,0.15600834782750972,0.8789290329477213,0.42498170222128084,0.2749316919703817,0.42907511598681936,0.3948408927006323,0.301461667988017,0.13789958241196532,0.6559154619738806,0.13660440277965535,0.7754244526726743,0.2016880132804536,0.7313713071333117,0.805586105695467,0.12532600977445074,0.08674576828800407,0.9495727706536599
S1181,Alex Müller,alex.müller94@example.edu,+1-555-916-2658,2.0771135581047324,81.46117886672033,7.782586982919296,60.767317240461225,0.4630468067525807,0.6302354949729884,0.023260440121767756,0.2787101805563399,0.5053976545593862,0.8862183133894039,0.2714394175643763,0.7751913198587196,0.6622129282587018,0.11527076780574497,0.29337517279199654,0.23786403643861975,0.4425275875732855,0.6353342430475842,0.43341975550850664,0.24453657575180598,0.6958787682282754,0.5844710947114898,0.5193139074156919,0.5544195974459784
S1182,Julia Kuznetsova,julia.kuznetsova57@example.edu,+1-555-857-6298,1.8598390808737695,78.88046412472947,7.9478137167227105,60.05827433093545,0.22190064629382356,0.6804310610924562,0.3875005355387683,0.3634678197300196,0.14973420826677053,0.5968373345504464,0.6026644105465065,0.34030064366652835,0.8598500568655341,0.8454578987154283,0.1090543064824313,0.6950383878099182,0.3938347561850223,0.9997148510628928,0.2250236296846524,0.2805242054144894,0.4421062945557275,0.26871514868066315,0.6919933663865142,0.48090811218148055
S1183,Maria Smith,maria.smith90@example.edu,+1-555-715-7247,3.5487388188641265,79.81232900907155,7.778143726454627,60.15811908490511,0.22087883484954018,0.5063740694865626,0.8887877663650384,0.7923956468500528,0.49882892442682103,0.2884926031419477,0.17988646470252778,0.8783828771868954,0.7101669404986963,0.5721633031474584,0.8794346459536684,0.12169028737408949,0.6824892860020683,0.21671231241323197,0.120577441015987,0.46560851000693315,0.3873929297643537,0.9411736093251855,0.3239795467518164,0.8149022590520024
S1184,Maria Smith,maria.smith95@example.edu,+1-555-871-1300,3.7777673890849255,80.80700828194448,5.88012800560823,57.75273144465915,0.7488270004683447,0.6679238700585363,0.9204004729600596,0.4079245943813421,0.38967118598286565,0.16094742358150937,0.27576207549506915,0.8797764560608707,0.474382132911368,0.34135332219071046,0.21611205508217113,0.484960250243615,0.7166653704645288,0.2866920254570754,0.7577165208126542,0.6297877747249184,0.7875625625397042,0.2509096288749123,0.6310281447330454,0.1537352794888419
S1185,Ivan Johnson,ivan.johnson14@example.edu,+1-555-991-1389,4.001745397651507,81.18772509326193,6.479376980486663,58.14016459345437,0.36379698216463674,0.7243600948428013,0.6316683855799359,0.18786072533752196,0.8583426720925291,0.053350982345181874,0.5952156885166495,0.9838205002316063,0.5315047318427486,0.8006718199594207,0.5951809731891021,0.7830883149229926,0.6555941353552872,0.6911320145375287,0.22781115108638406,0.7418209135729177,0.23790988666433077,0.9806402751425881,0.2277871909612047,0.2366840035976563
S1186,Maria Johnson,maria.johnson43@example.edu,+1-555-998-3351,3.099034821007201,80.93083822635053,9.297594522434315,60.51629757210145,0.8586731204838641,0.24298586196281913,0.36090279349128296,0.714640161179027,0.15874858019476323,0.15907175482750224,0.48635842326661893,0.24369675423272685,0.23565795556903357,0.00923892141851268,0.37044959119794796,0.31825055461840324,0.031155810826670405,0.6212331782136635,0.626655182003354,0.07080047177365889,0.31704156290945307,0.8728055319953978,0.5821670682445784,0.41197472401198787
S1187,Julia Kuznetsova,julia.kuznetsova84@example.edu,+1-555-860-1751,2.628283303414305,79.10686937841514,7.511451291670655,59.70073529611474,0.4651019284640959,0.20827999443580514,0.811881500707928,0.9140047054509676,0.9106640422500436,0.22393439169229967,0.3107402677764569,0.1606227748095368,0.30720113363231316,0.3328053721226003,0.6331057370646355,0.18964638154812463,0.9193969243677436,0.10309947008530995,0.006878011034333054,0.8549451286305332,0.7037698077660497,0.3553598703559985,0.595499705910118,0.22354410083923337
S1188,Maria Lee,maria.lee54@example.edu,+1-555-514-5876,1.9849320942711839,82.04875565086328,9.28516840207213,61.13604868355543,0.16838964864537598,0.4711491351387228,0.35318782972096086,0.6152300505352921,0.2181491845610315,0.6629277005606187,0.7668615203028132,0.1666361430284744,0.04385828341791598,0.43958737530133873,0.7740240859924371,0.6507798355741427,0.7018817204145913,0.4028393399933684,0.23494554525306988,0.5317788432846094,0.2043656937491969,0.7262286969850658,0.19696645595947704,0.29126326671434144
S1189,Kate Johnson,kate.johnson55@example.edu,+1-555-957-2113,2.0791496021908724,80.85501932429727,8.139626409497902,60.44254562420405,0.5065447783230054,0.48670993414349495,0.6008493764070294,0.43744460049991696,0.9194733085100913,0.8399340941971882,0.8791134512366384,0.6295165714034375,0.6350079158608064,0.6091986837159487,0.4348841544214562,0.3221060010672626,0.5920028874488703,0.02553183713845031,0.007456431423803034,0.8516418262967486,0.046424044777622187,0.5247951503334181,0.6149877629496451,0.1981712296224356
S1190,Julia Müller,julia.müller60@example.edu,+1-555-132-6833,4.249665267043778,80.63537114286127,8.240014236304335,60.63690628337221,0.8957308382651483,0.190095771748375,0.8845149873666747,0.7629902693330352,0.24074295352419395,0.15074416627609355,0.3162327101862351,0.3979505662702747,0.24578467649892344,0.9988915487544232,0.22965233623958103,0.830634826982857,0.15911774709047277,0.9802446252759475,0.22552345828308484,0.42168855478359224,0.5585640667679065,0.12028571515609332,0.8168200674791013,0.27468553268082985
S1191,Ivan Johnson,ivan.johnson72@example.edu,+1-555-144-7994,3.3407914080021057,78.21638887028581,7.583621077410557,59.443808041150874,0.5492699016016638,0.5496338106932469,0.602640652325785,0.05548598652431469,0.16861876183156788,0.1611922429233642,0.30205125941585187,0.14491415685833986,0.9219213207742897,0.5129544505113007,0.6235751477026844,0.35748817539812083,0.27624614103391154,0.503177170232213,0.2943229748348336,0.34364592572976427,0.45275087427085714,0.5057336871843555,0.9843140117818387,0.2233225881619405
S1192,John Brown,john.brown93@example.edu,+1-555-134-9733,1.7201590423599795,81.68181661930082,9.228995340885703,61.359220600295615,0.48797616488264717,0.14951173948933894,0.3499992327079726,0.7173107187064043,0.17446214376057456,0.5813513075500432,0.4167010235680072,0.05157954440447299,0.9330752414784446,0.41360314029288636,0.7839265357511662,0.4163134887318003,0.9373603215787846,0.29047033442889747,0.41223064968769685,0.7588642402592863,0.3436673152808569,0.36435707133517936,0.9948231734142234,0.555614525690352
S1193,Anna Müller,anna.müller88@example.edu,+1-555-578-9534,3.2552134168558746,81.35062512095266,7.512053180601826,60.202797276897776,0.6893804536701481,0.6434622341536098,0.8279241471565723,0.861825099441743,0.5632561324703096,0.29455607496639935,0.022800247574969457,0.6144032510643201,0.8254688332656196,0.4505398055116595,0.1647061404908643,0.2880820729356409,0.5099889295118646,0.8366812189776666,0.17175314606842063,0.6121498757095142,0.7533686139505454,0.9360475203348232,0.11670369167885941,0.9263916341645574
S1194,Anna Lee,anna.lee65@example.edu,+1-555-213-3460,1.906528629538017,80.39699130449884,7.5603859284244175,58.697347883165534,0.6014675351744795,0.766701587432286,0.05377470956855546,0.5061481556405951,0.6226296740807937,0.3068338398728402,0.43165020810125265,0.554298135279598,0.5525479397729799,0.041861525406838074,0.4394817665788924,0.21381815479223087,0.9166950780853498,0.9765799901233341,0.2996468963520691,0.17518539725105875,0.21950415094834308,0.47775225535295374,0.8745055991131784,0.5000362149376396
S1195,Ivan Brown,ivan.brown61@example.edu,+1-555-508-1264,2.948802888183403,79.9202704361432,9.29756116664464,60.89421332851341,0.05539206171529765,0.03988560271314401,0.22739094562284856,0.8427712776094288,0.621480557535144,0.5629578537862915,0.3189695925826421,0.9294254050461873,0.33117824496213244,0.8349444126529467,0.8959035179758841,0.4833350132161367,0.8942892694807426,0.2768032873910471,0.6584334261832758,0.08796374852438626,0.4739342140923939,0.2173318021583479,0.06276327793060288,0.0037255080776207317
S1196,Julia Lee,julia.lee42@example.edu,+1-555-192-3964,3.011445439091466,80.24878730980109,7.544212378104198,59.79708601520445,0.32475211644080837,0.5895305945367628,0.45523034765115733,0.3017692985194961,0.9912000307762511,0.9395250399796778,0.12565330683749687,0.41510742666849476,0.6488469339936108,0.7334907975299367,0.3663721549094904,0.7462818127353477,0.12415001291067829,0.3318126252577047,0.716433175755905,0.6256827902603751,0.8372102148616549,0.04685702266715508,0.17439171782304852,0.04849458227196646
S1197,Julia Smith,julia.smith20@example.edu,+1-555-762-7375,1.9175728026117131,79.84894812239307,6.753901743347487,58.74968446107685,0.19211422424921132,0.004282810632935008,0.5042103016788663,0.5283143955682554,0.6578917814059948,0.38491244720104345,0.003207690685184006,0.6738911544076371,0.05429108774791258,0.8661704308177439,0.022653987707937362,0.5304751232566325,0.8949178823855207,0.5724895757887801,0.60841674654393,0.6816108483374057,0.12240884773046701,0.6749271008105595,0.8803548820128152,0.9742208328353165
S1198,Anna Smith,anna.smith73@example.edu,+1-555-178-1538,3.5112218145475347,80.39126465993324,5.713292488631922,59.87731536250487,0.44305199935834705,0.34450485167754685,0.753309615596317,0.5428742880953146,0.2573046544550305,0.17215788496970297,0.1702303005927437,0.45917703660615206,0.17012440561565012,0.019718944011485773,0.05208877496969,0.9298845439529657,0.07296134116013575,0.07318069058095955,0.45118844553353243,0.24510028233503256,0.9626938521724977,0.9109858394978042,0.4047432486712671,0.4487315194162592
S1199,Kate Kuznetsova,kate.kuznetsova10@example.edu,+1-555-689-4237,3.9957013858999235,81.05922373889632,8.525836842885239,60.03891320690146,0.3751136530755702,0.03786611664312822,0.29284683925470867,0.12267346961198411,0.10237033001512275,0.5608615729363878,0.09876485771356225,0.1029313237952636,0.48051371481934857,0.44228236512263874,0.13763478513236937,0.004449024808863,0.19297444176784384,0.23589225418204074,0.8002484436088676,0.915438350527215,0.40594439748796973,0.4050267265009778,0.7124812837598667,0.626922015704689
S1200,Anna Smith,anna.smith72@example.edu,+1-555-812-3682,2.154954672030849,78.91630117264194,7.844604904750358,60.379280034365166,0.18414018669340915,0.10768912229586136,0.4376118906550508,0.564828363162763,0.13870760315880926,0.29327349340844455,0.3059429964305749,0.261298201024164,0.46076126629179104,0.6530635843197385,0.5093898836159924,0.2014565622473442,0.10293904704739976,0.8218704628987004,0.4793046827177857,0.0621391841338772,0.258121499649558,0.8040337783841548,0.75172632477355,0.8758166328973778
S1201,Kate Ivanov,kate.ivanov54@example.edu,+1-555-426-2973,4.287331111605066,81.09997965034208,7.367771343468828,58.75579412113913,0.6020878260016921,0.422905934358055,0.42663499755445067,0.19400004449294372,0.6507989615178819,0.585068756092854,0.1548644114288359,0.8856629200453748,0.36846820331059704,0.049738765521068484,0.3278809207797838,0.8698567147115758,0.9169565858617845,0.4903984172596335,0.9563399400734179,0.875241809211976,0.8252307170992254,0.859710064682206,0.3818754121688235,0.7564689407555436
S1202,Alex Johnson,alex.johnson79@example.edu,+1-555-339-7354,2.6808934029891023,80.21723119481052,7.297916754610596,59.42210589192234,0.5773390030761493,0.7196840017403067,0.17778610758077462,0.731393911774942,0.9575924341941717,0.30266332238142957,0.9861613239556271,0.3783760148053711,0.19972349702103287,0.11228622980023839,0.7849619132881778,0.5548254003765684,0.30713129366202885,0.6084503697937579,0.33210118784100473,0.44835775732845873,0.8626641257530911,0.6681664768591647,0.7624018397047164,0.5834935514695763
S1203,Kate Müller,kate.müller94@example.edu,+1-555-523-6931,3.252884814969899,79.49604225858938,6.871933916274626,60.31145283430344,0.991398048885621,0.24141006629089268,0.26229116071881475,0.09255893873833287,0.5540195020707105,0.6133592364083679,0.7259615728988198,0.33544592594926104,0.0122568018650272,0.63222953708832,0.9986954925203827,0.2945493537899925,0.18393445246901974,0.2817669578263532,0.4254154747770472,0.2509129289525647,0.3469600253675299,0.6382067385793626,0.3450279868426147,0.39605894478365467
S1204,Kate Müller,kate.müller59@example.edu,+1-555-170-5818,2.598007419870795,80.24410438897836,7.773204022852123,58.86057099890843,0.040031262799263945,0.9179425016228697,0.40688595991485366,0.3281435160347943,0.0864841962453845,0.6341832153951836,0.8638249502637549,0.04115320005240031,0.1452724673660355,0.14638982888620733,0.6022748553477929,0.9212305027183688,0.4377683670655096,0.34380644819385064,0.7658406855966913,0.7425690617556514,0.24675613927720963,0.16082636230788605,0.35781003241535636,0.7756033922266312
S1205,Julia Lee,julia.lee60@example.edu,+1-555-512-9196,2.518758876134588,81.43777693991646,6.337920487265713,57.88334555102947,0.6950633899149783,0.6658537063562052,0.8294285601632039,0.27713031234139374,0.3396837254695101,0.04233945060917599,0.8687457758035334,0.5824297349221781,0.2981222918836933,0.06941653144936555,0.7234095031624597,0.7487375195490611,0.6661786521150226,0.20378097094672953,0.9132160585086049,0.7531580190208763,0.6577563235839703,0.6509439234217875,0.9043577000916412,0.9283071330971238
S1206,Daniel Brown,daniel.brown53@example.edu,+1-555-480-1928,1.1381548467574885,80.02910994657667,7.530917278032699,59.88238914457488,0.59563741801024,0.4166694109625484,0.3637339795594162,0.8190788410807225,0.6446053398343335,0.07726603025365364,0.1421860130150272,0.9001858951048464,0.8844981481045009,0.9518324486974689,0.42785096732832373,0.7840609076407071,0.8282250273143216,0.3156969058381931,0.14533771122714223,0.9970263616391729,0.0302192037513499,0.597335918711443,0.6502122741817089,0.6817893419696484
S1207,Julia Johnson,julia.johnson43@example.edu,+1-555-726-2347,4.214189828928502,77.32716556689707,7.895933874430824,61.561438201803576,0.2556277439690897,0.7215792442988508,0.21639956328126553,0.8290382557516824,0.21911667408463453,0.6967060290760775,0.7834134858339759,0.18894575046218876,0.23798648763260277,0.7791037387343669,0.08599897163495285,0.19076095246666414,0.4555309061899152,0.9301819287447706,0.5618778348930105,0.3876778482082255,0.9783702222224766,0.46371130622128853,0.43373497368748204,0.4116443168877235
S1208,Julia Smith,julia.smith17@example.edu,+1-555-917-4450,1.872219235108286,79.6201934882101,6.747108082771379,59.10565395392247,0.31218007260679626,0.32569480973758436,0.6878370599294981,0.040835597341881136,0.6818167256463189,0.20120449812587282,0.3842080032044929,0.146538972560332,0.5527510440724698,0.7293504449521396,0.35465557605636466,0.16341657754026295,0.22650558193117554,0.8181129185255726,0.2676487350598524,0.7747025930112271,0.33119940680621107,0.18873255434296254,0.727308559627431,0.4685450294752067
S1209,Julia Brown,julia.brown12@example.edu,+1-555-805-6902,2.67373799497696,81.4274852836845,9.33738667548752,59.66406077495985,0.031277251274806406,0.9599424193443986,0.14775344507210741,0.3534069764530914,0.3847946349957073,0.4894298992584133,0.7854440223341707,0.006090279675126764,0.9324720513360747,0.6459894602030112,0.9506488791489356,0.8173895374164858,0.9278382180832169,0.6010005509356781,0.35730898287717483,0.4429140631136037,0.6580323103841129,0.4269318597663363,0.7316727834677892,0.09184801608002957
S1210,Daniel Brown,daniel.brown74@example.edu,+1-555-517-6256,4.90506021406447,80.03557647698463,9.25369102670108,59.90670135034651,0.8299866489848887,0.20418863964200418,0.9439476095247226,0.15554579993726791,0.12916419610239782,0.8118761105873928,0.8187018277030144,0.7387594198812473,0.9605304639047046,0.27053962868541603,0.8266487389902876,0.35204053004342084,0.5373986255693407,0.4456000297013287,0.005850022673607236,0.5744621935391577,0.747505887763953,0.17455238357527125,0.9316558618930374,0.5303995394185038
S1211,John Ivanov,john.ivanov91@example.edu,+1-555-264-1666,3.131057826046144,80.36547447264283,10.678853679367535,60.85128557484479,0.1782460031510935,0.6459475709168853,0.191922708515344,0.06353334829533641,0.6853152424192422,0.11069488330549448,0.10621744837643532,0.7399435631818133,0.05520223320807116,0.8097691790479546,0.7961487586478276,0.141393428077766,0.5183806472769689,0.09662549096894235,0.6325712197859872,0.06293001297054657,0.9444808563227473,0.20773073536958164,0.6828946559486451,0.12829142437711005
S1212,Ivan Kuznetsova,ivan.kuznetsova14@example.edu,+1-555-788-9624,2.2927354700485365,80.96899787027586,7.138167462915659,59.51024981709879,0.20959644832677649,0.45094964888337064,0.5730961413415162,0.998863240391683,0.025926228090944137,0.00031441964408696066,0.350367094714948,0.3661563678024199,0.8838372360986316,0.912582547697302,0.8805249763593188,0.14317875048604778,0.41210483518107344,0.7458851622950232,0.3126110677842414,0.6632380285105512,0.237142863191092,0.32341925796080806,0.8604296493484839,0.2505090360889951
S1213,John Kuznetsova,john.kuznetsova39@example.edu,+1-555-874-3745,3.908601359892111,80.03108558777116,7.778575914511806,60.01398522186529,0.9643240868848629,0.3062595609368469,0.023528109823277354,0.25490090380257047,0.17120494224342575,0.5068269662175497,0.11271606632786002,0.6260488772454097,0.8748990705564946,0.3625188818037357,0.16849271930540444,0.400024995784413,0.785966821450627,0.5914876740795956,0.10114321332760312,0.5371871543270333,0.4680853814555932,0.32711225602116145,0.11016059605332329,0.9811119356202749
S1214,Ivan Johnson,ivan.johnson64@example.edu,+1-555-421-4230,3.3365831266054347,80.42496589743615,5.563033067294585,60.66657266860953,0.1760433198932556,0.19274289079074547,0.14558269210223584,0.5701930386989381,0.4436695744827004,0.24955718202655597,0.42942338302152816,0.6735218510617179,0.28170053149863017,0.9152457760303804,0.3063462371777058,0.19817903082285326,0.9545678468728145,0.8105606101181794,0.34313762484346555,0.841431851143876,0.5188142491538,0.3467524982610628,0.8396115895392143,0.7521650668644404
S1215,Julia Ivanov,julia.ivanov72@example.edu,+1-555-731-6612,2.0179805801696995,78.55770086444059,7.441588756141318,60.083981003314456,0.2978748426431058,0.6066785152579738,0.3693902235197972,0.001051972560388137,0.9618157414002794,0.5496290760728367,0.5984326016657832,0.5998914256772949,0.5506414608194028,0.29004784477359347,0.9715761249080562,0.6216684125152849,0.6709213605539615,0.4547927573170498,0.28786140049078257,0.06434898217492935,0.35023019656788623,0.1760974292683921,0.6620882682570118,0.8790038848027194
S1216,John Ivanov,john.ivanov75@example.edu,+1-555-816-9505,2.306493835427719,80.83103185766798,6.157824833629093,59.59305625122744,0.3027548582456523,0.33288262541404656,0.6703645038290117,0.14927143424123634,0.9294374266776991,0.36384678102548307,0.10119944592677466,0.1746840049206415,0.9327460760074581,0.24711928836901997,0.6622688038312864,0.15616522353826512,0.19410169234877772,0.8792382188999776,0.1480332201025618,0.018750586736279162,0.5012331895262763,0.8627268132629347,0.32599104541562474,0.1281622706457105
S1217,Alex Brown,alex.brown71@example.edu,+1-555-452-6963,2.415125865066999,79.95341272966066,7.778864284647239,58.992107050376454,0.9822308295656378,0.6767386294894133,0.8506906319481564,0.7521382723289237,0.6982422739891901,0.3845640671309203,0.3243399932036394,0.7169585958944741,0.7167130081772302,0.9505883840490933,0.5686598178483223,0.29462110578767353,0.48952879933047744,0.6137138167259192,0.4267297995769125,0.7911331233595482,0.5846132122158377,0.009435727627650548,0.5698398882320085,0.633603785941861
S1218,Julia Müller,julia.müller17@example.edu,+1-555-549-9592,3.724282677456228,80.0630023683347,5.608053746688089,58.04140855960297,0.9152612515440707,0.41372167366418855,0.5744676592713583,0.47499745071437394,0.5316564284688854,0.06730407066899646,0.8972836675331015,0.9104123398316256,0.5480596098426327,0.5565555157209455,0.05755603594395453,0.5979505131197568,0.42915178987916247,0.7090436302344373,0.047124916595572386,0.7108876827294898,0.2868938238323139,0.651705330453108,0.627125975312123,0.22684148463223253
S1219,John Kuznetsova,john.kuznetsova32@example.edu,+1-555-418-2688,2.987680707070689,79.77903268221364,7.396579886425367,59.97201754346978,0.44045234521626675,0.8356332590533245,0.6055916435947739,0.06873830197841146,0.4429088313208297,0.311771458777917,0.6416456789116327,0.6145639412952608,0.010398101510140534,0.607695509418463,0.7348496539849367,0.7687300324015754,0.05897577038996116,0.30365841710986896,0.4212735605515239,0.1797717077949118,0.4207338711650098,0.07112953582559234,0.11321728300705158,0.6686947628434194
S1220,Ivan Lee,ivan.lee51@example.edu,+1-555-440-6568,1.2481158234611989,61.04241457083313,7.777784608990686,33.710831247809125,0.262572461160155,0.7114058474795725,0.048108528016667984,0.5627030530435029,0.3914486635868403,0.7969713919154653,0.7839515802055619,0.37555964245750817,0.6227140140877143,0.2275488688194881,0.5804068361804202,0.08126469394752245,0.4346042841186101,0.18272768153810914,0.8833811820915227,0.4449008179668318,0.5907737486375348,0.3603818603300104,0.2887410352398029,0.20291978306153358
S1221,Ivan Lee,ivan.lee15@example.edu,+1-555-957-8459,-0.20265624367612087,60.31780833388558,10.36944211651109,34.525526617936535,0.9118715826670196,0.7994657824269527,0.13326114443103088,0.7467248762917983,0.4185307770366532,0.015396654960569855,0.528367320376222,0.1300464400848661,0.20993431309359467,0.696040961424093,0.2571420371411961,0.8918882018418166,0.6571697584241699,0.8322834849108091,0.6151895383301841,0.8688495910220159,0.3616846750221502,0.5491405768855797,0.5158904004443335,0.9037907080779705
S1222,Daniel Smith,daniel.smith40@example.edu,+1-555-116-5580,-1.7518698285756202,58.125607851128585,8.083659604924387,34.38649822375526,0.16491540860861353,0.5780607631866924,0.7544311942269804,0.37004976053366034,0.8675815246159764,0.37301476707773407,0.1733087598959161,0.5840483554050317,0.4205680100373125,0.015190104682004546,0.06983859249350322,0.19527718020659002,0.7693299595181523,0.8920395160337483,0.5456408740142225,0.10556546251412346,0.534418952241846,0.855605460596945,0.7494776291225896,0.29109816369737496
S1223,John Brown,john.brown44@example.edu,+1-555-243-4259,0.5507725100198009,60.04243923527901,8.657079036095308,36.15427357159775,0.12389060928835782,0.900681699762243,0.854088746632211,0.05371536514522579,0.8236744898245643,0.09721263778493949,0.06328363340203702,0.7586008971462594,0.536310621924958,0.4145480240903189,0.9038621959760219,0.8393035720677537,0.057623471547056604,0.6160872419411724,0.7722674032074582,0.5504905797749521,0.9830054990761883,0.6860475046475483,0.1041430126970253,0.19829801199995345
S1224,Ivan Kuznetsova,ivan.kuznetsova97@example.edu,+1-555-948-9861,0.2563809637504943,59.051450244576905,9.526763092372509,33.31079372308127,0.826245621199462,0.9967566731443,0.0983392668723897,0.1003293178450484,0.7633870541432835,0.06435428171653956,0.06856011606484747,0.8888164830096625,0.8004498123184509,0.8815631998643823,0.6505134021327537,0.32253642193885845,0.9063131903327911,0.2987235249744318,0.27551083945484933,0.8864004191927712,0.6808225924932079,0.8956720847092428,0.1559012892539724,0.9522967977656314
S1225,Maria Brown,maria.brown38@example.edu,+1-555-238-2268,1.4286608758520025,60.11280850209889,8.837813261090016,36.74710371786419,0.6127421567003271,0.6680350440934276,0.9140605803264515,0.38075297469462865,0.7195749946958622,0.640340621124484,0.7877527188659602,0.8969427918333073,0.6800608554300946,0.06763955450306436,0.18314034584978023,0.9539781822670841,0.9686504733772262,0.9674133136983625,0.036799400400117976,0.38244816794941827,0.759672703987996,0.7528858036578309,0.08590890494995851,0.609488887089519
S1226,Julia Smith,julia.smith96@example.edu,+1-555-725-4697,0.3155718101758102,62.26632798757649,8.752025405849091,33.59528191053275,0.14286961854085745,0.49320933286779334,0.2396857008411215,0.053161171734727675,0.08001942552660957,0.9108929497299082,0.7446459642015341,0.9318239817729504,0.4699899323335527,0.4132924989528043,0.3584072925020956,0.61630709605209,0.3515593869713336,0.7462732339820062,0.8013173262158622,0.875844593429381,0.24280093024527727,0.5270220492923754,0.22344461672983884,0.03755582342034114
S1227,Ivan Müller,ivan.müller72@example.edu,+1-555-489-8859,1.0769115390943078,58.81613027964936,8.17306856740515,35.43673663001704,0.7078253041698377,0.5489812739351246,0.7239272795530837,0.08762291140653711,0.995526179061942,0.994348566947032,0.4649998255035127,0.866058715183836,0.2435685558055568,0.737566161223297,0.8792258568135658,0.8146662660807785,0.8117740782411574,0.4630266320888651,0.8199899477787728,0.6907048130213005,0.13245139814420437,0.11418440406452013,0.7719221359346399,0.6254640887729238
S1228,Ivan Müller,ivan.müller71@example.edu,+1-555-927-9103,1.6111402975151374,59.31561552972032,10.086145659551041,36.273258533823245,0.5193761171913774,0.9072617908488282,0.6595903568712186,0.39614674508830017,0.4139318081761838,0.6052443608175849,0.7602752846863484,0.5643533069491241,0.5087608822191797,0.7269007026541818,0.7052645499070364,0.830346840613561,0.06255178627729441,0.7549521320819789,0.51376045095169,0.07469312003315187,0.6790100281695197,0.7165401940019428,0.5236271695446845,0.7937989776497628
S1229,John Smith,john.smith82@example.edu,+1-555-803-9822,2.5799319322196204,60.582354747838295,10.499771583294269,32.931121729228536,0.3002481086293015,0.20190721853143612,0.3507339517432785,0.4100505132959775,0.6959336024021688,0.8455199378782277,0.7209181900786765,0.1739875590696015,0.3662170848002574,0.158413713447778,0.6867241995580513,0.24817187821689413,0.5253869328518468,0.7918298431946843,0.6709392749216151,0.2983739906651327,0.33286675061634086,0.6533642866030318,0.5494677493399441,0.09639348747004439
S1230,Julia Johnson,julia.johnson84@example.edu,+1-555-747-8962,0.6503027965086912,59.04629421804423,9.13114844724013,34.37140585888359,0.8739915892735461,0.5126132480536286,0.4733610131974654,0.19843933663226232,0.3769938189705373,0.3328248623150991,0.27073568282942684,0.5674065746467731,0.46227536028028204,0.8891976853146673,0.9413439770471609,0.21947342922809088,0.10010542876721051,0.7853375514877494,0.994861403638609,0.8636000698541542,0.023697402118734723,0.251263550706466,0.04334227704126392,0.8207793770411665
S1231,Alex Johnson,alex.johnson29@example.edu,+1-555-585-1458,0.8172263738552944,62.070392368224454,8.813308223937584,35.455171548909235,0.5814069762923163,0.5137185411670538,0.5544498819965276,0.25245125869659113,0.6016383691388628,0.030666978464029993,0.6460117239708396,0.7344338301788308,0.6730262637118272,0.33211751831222025,0.8262629151275427,0.7155439971174821,0.12829732292427787,0.19514422053831504,0.6371084131782386,0.28941613355602613,0.11943294144623695,0.1549689931498922,0.16561718054040064,0.4777909068183822
S1232,Anna Lee,anna.lee47@example.edu,+1-555-833-9366,0.7445037370833413,60.083284616752515,9.006618348479678,35.493156472570476,0.6073854534294973,0.17640227485441495,0.7124966103632211,0.28101260750152846,0.31155813839396085,0.22349862107410756,0.785206135943191,0.959813832936877,0.4924998486780927,0.0420306414319922,0.26056931642547587,0.15805029111884605,0.8427622848520179,0.08485398743320516,0.9664762406883838,0.588513776624626,0.5177397870741632,0.8473506224191868,0.02754762129145616,0.7771527494070096
S1233,John Brown,john.brown57@example.edu,+1-555-380-4853,2.281838289101895,61.81213339736366,9.340582090100083,35.64850157463916,0.11660404556851656,0.8407780989404321,0.5291762192378618,0.06112940236009179,0.8332450388013244,0.027314117071251642,0.1383706928936035,0.7978245238266289,0.464871123857891,0.8813887043548337,0.6354292727910835,0.623528754370408,0.29223510613201487,0.13368052355173354,0.9611723908966826,0.10479768914339516,0.5290106000735676,0.27256859083478024,0.2641406635814547,0.5945862193028131
S1234,John Johnson,john.johnson96@example.edu,+1-555-614-6863,-0.2659509601041237,59.903335583342816,10.034318411371949,35.95256550225887,0.7979341171788689,0.7771794828312787,0.8688016891935535,0.2929027379123671,0.4657513817150738,0.009334573220024955,0.7468576231363655,0.30234311214228304,0.5614935332701865,0.1693002820194507,0.8193995071343285,0.8172722192782778,0.8774529147529555,0.04593699710672283,0.9924587097750137,0.24777941443969453,0.30943368604734944,0.2493357291904461,0.2675326983665324,0.5526613561036466
S1235,Anna Lee,anna.lee13@example.edu,+1-555-706-4548,1.2327707060745552,60.97503335552475,9.5398433798932,36.32033688408525,0.23981054430377957,0.3937713114004048,0.6556065824432153,0.8360262035777268,0.6927415002668795,0.5943228447873232,0.1477285625410687,0.8161156015412826,0.037274887993038686,0.2641916632353021,0.05705891693196119,0.6674289755844626,0.3683710825935145,0.6520484832048667,0.3470309593035903,0.4557407307994942,0.45796101016618085,0.0455806536675446,0.43022652634600356,0.6410643631152027
S1236,John Ivanov,john.ivanov52@example.edu,+1-555-868-8322,1.3182950726528222,59.60873185287186,9.369425382626327,31.776346186561945,0.5460522460754338,0.07528376627828726,0.6680559856867488,0.30886275491526094,0.014434802779022093,0.15559555708424522,0.4975596573165595,0.31040165903006867,0.6943830137535508,0.24065347556576444,0.7727961684751686,0.28647718139397993,0.6208637075844157,0.7992163802511801,0.3855561286437489,0.04680494181547046,0.5354455210588809,0.9954090615445003,0.9689918663769136,0.22102219394416822
S1237,Daniel Kuznetsova,daniel.kuznetsova29@example.edu,+1-555-947-6182,1.4211743100235545,55.98674589226374,7.10419025185404,35.49694546103508,0.7556965094242524,0.34495183182006595,0.16027248018309148,0.6659147006024932,0.500868729526769,0.5392305576556773,0.8273926622355084,0.33654367588742307,0.667094759555663,0.3661914669626253,0.04272389658042919,0.3780151073363489,0.9500344632041346,0.48326248208841704,0.10823043683686817,0.6878268293762259,0.9633793497185212,0.9079452465442571,0.5719608378081387,0.3762807443485312
S1238,Kate Ivanov,kate.ivanov28@example.edu,+1-555-169-8609,1.5252822709934748,58.721328341846075,8.216687753933167,36.50759508747554,0.5806776685092404,0.8159310621992495,0.8612373420184543,0.8188438849424412,0.4554763784417377,0.11885798957022997,0.5691734267387764,0.15642882803336522,0.06095833389785599,0.4986678334288609,0.655373450046628,0.854147306406393,0.7828355539543036,0.8572405127565482,0.7600687708208905,0.7032393969061393,0.010137569140699632,0.6261023118092105,0.12048180413911769,0.05866713233254106
S1239,Kate Kuznetsova,kate.kuznetsova77@example.edu,+1-555-171-2743,0.4675668552700562,62.46721234364328,8.997888161506019,35.448839794569395,0.1564121521056554,0.8232921614417502,0.7438493931000214,0.9487724052052123,0.9789762586504105,0.8932839863739821,0.13292605097699917,0.8783827409249804,0.8386371347886453,0.8710858598596973,0.15168561711649142,0.11679182777331754,0.9238088795840816,0.17382664913450452,0.3686217310426012,0.45598484949406026,0.12444252782956444,0.02063428803254741,0.9940904697671161,0.8766572448349611
S1240,Alex Kuznetsova,alex.kuznetsova27@example.edu,+1-555-356-2664,2.7785618383484687,60.14412982781276,7.8974216212401185,34.879299803136284,0.9123379293506373,0.2845630692721185,0.22010157274543907,0.4258665581754266,0.45331936897800684,0.005599438864240636,0.7792531125598329,0.9966670381420173,0.5286908701020894,0.38825869501245125,0.3927518932212033,0.09607713217210068,0.26616181836401176,0.5021327886346312,0.43184800113469735,0.5450347457431102,0.8490656486374066,0.22524230269961198,0.027664180906311953,0.038225445282740744
S1241,Kate Johnson,kate.johnson80@example.edu,+1-555-750-4962,0.9608281901908999,58.49878418257828,8.718584721525094,34.18358869660282,0.13416880530685837,0.5704829848044025,0.8081848100379248,0.8868059392806316,0.6351132019749712,0.40314325245089344,0.15451470815614743,0.40141833944347904,0.33241513390778354,0.8700258808571377,0.4867193774106072,0.22619589995452882,0.2888010668157799,0.136470164542689,0.9185854490691312,0.05034584623646854,0.012846248555894224,0.18298893352686874,0.8108740179106257,0.5234667866310813
S1242,John Ivanov,john.ivanov98@example.edu,+1-555-297-1042,2.0167935329061777,60.03807306160378,8.688924675937672,34.88319987631517,0.6258432873769864,0.3577316754157348,0.06867798554917004,0.8561581624921681,0.19189427212540744,0.033059200545114686,0.5727041359331937,0.08328922038460107,0.09576185185983421,0.8003770314825251,0.4916095893179955,0.241508452247143,0.34862642335951877,0.7292409788431715,0.06635414475660184,0.11648061593320991,0.6162620349905696,0.6069717344671073,0.9724621845353718,0.3745494812554496
S1243,John Müller,john.müller79@example.edu,+1-555-294-7234,1.2454342202467827,60.678495619658754,7.900316548463681,33.8542536041166,0.06507762717751586,0.5375374348496279,0.6383468117617903,0.13960278578624907,0.5528619735351967,0.1977671216582646,0.8447300578810684,0.8351614957838297,0.4296290959984418,0.966743190512804,0.9797738744497416,0.1292510889476195,0.36771380483246763,0.6003214700466446,0.08483780958144438,0.38265550381413704,0.26117208401659076,0.9520502209667041,0.4115858228314705,0.7626708585475125
S1244,Ivan Kuznetsova,ivan.kuznetsova25@example.edu,+1-555-814-3664,2.2151471369427833,59.5464294405748,7.441473698143438,35.48819398032141,0.38670536351217377,0.13181207041883547,0.8631515301608474,0.00041691690310385887,0.05594087397445002,0.36438440589704324,0.6868982555187365,0.34170429529077573,0.06631281762097496,0.3178400337341488,0.2449808589901623,0.005419799818197957,0.5348019131804018,0.11664591474418606,0.2874962887966661,0.6411898302224145,0.7251156888229772,0.26345562685602253,0.329193671065234,0.24690923812746524
S1245,John Müller,john.müller22@example.edu,+1-555-165-6015,1.5097067866359557,58.31621321701762,9.252429887009967,35.80914140167121,0.9568886003161919,0.19051972698740283,0.18318060363367628,0.445035295831532,0.18930635920056915,0.15670845628560814,0.09587953770108548,0.6401712481082494,0.612082254901896,0.6501628918779663,0.7733000080093962,0.3263580127925758,0.9184237336119215,0.733204611068756,0.8047085885811869,0.7209621638267112,0.3584556454325618,0.2830324880626349,0.42251706957901414,0.09703036053335845
S1246,Alex Kuznetsova,alex.kuznetsova48@example.edu,+1-555-803-1629,1.4118250968768893,60.69517963213754,7.455303992100176,35.36414417049581,0.4512805015659471,0.04314098309523984,0.003945960027194495,0.9314989394746928,0.6893368605878929,0.5618469470659689,0.34110203942305783,0.5705380146850741,0.8915757763383317,0.6523801339438646,0.6024819979535042,0.46020450297167803,0.345697030650858,0.6985471139217118,0.9809809410158142,0.4247576935205901,0.3922052040142008,0.4281134723650425,0.4255439680497215,0.9906247733684951
S1247,Maria Lee,maria.lee59@example.edu,+1-555-815-2535,0.6671182645825088,59.46893082540289,9.9576111703617,36.627201961741655,0.7067782575093406,0.35918444921059167,0.3715023738267226,0.43079692474405573,0.036712187580449696,0.52781640202125,0.8113809515227647,0.6605677932075106,0.1984208467615416,0.7280342413783699,0.7194586063320303,0.26253921564899707,0.6228746568569351,0.6109490331219362,0.8397876238561816,0.13607231183344126,0.19483850451152274,0.48596950376780523,0.04414514889230703,0.41559419760170657
S1248,Kate Ivanov,kate.ivanov79@example.edu,+1-555-331-6605,2.973807060060395,61.4462886586565,8.879292400206799,35.387992179328975,0.7882190419997233,0.14871439398399822,0.4599487369365248,0.9897692333824446,0.5059200134248644,0.49832382412209053,0.5587935837241681,0.1860043703327412,0.14716388268594427,0.6773546291151085,0.3957668099057702,0.28990662821547575,0.031391619919897584,0.8460504971784825,0.032328865844832744,0.7499831240833194,0.381988558998581,0.5986878105046501,0.24767800069016233,0.15539966623207313
S1249,Alex Lee,alex.lee47@example.edu,+1-555-146-3750,1.843505158962668,60.13329574422941,9.1438406067027,35.9061284450638,0.5333880008349474,0.6956176949541436,0.19549329494514656,0.4363589474325642,0.44465497029139567,0.2159791490794628,0.565049446252131,0.14593568678170066,0.50974917331858,0.1134315113659995,0.48554240885513744,0.31159905487555684,0.452246292081535,0.43374935944317417,0.9079331228185928,0.48993559995646274,0.8184989038768744,0.22565239291171524,0.35208279463425884,0.07508938063319093
S1250,Kate Johnson,kate.johnson24@example.edu,+1-555-224-2932,0.9347890893714745,59.19778436998897,8.544079627580556,35.69730141550712,0.4207477948214936,0.668699887074931,0.8381670341093962,0.5659149117991552,0.6400726695930785,0.17726707761694815,0.037206038233439376,0.791688145177316,0.1670382074412864,0.09116953553275242,0.9375623209065953,0.9635213640591765,0.6162572916024947,0.3786372726872934,0.833239540964052,0.20471995933541243,0.4293923274296819,0.35701729900060175,0.9126999907416816,0.9197774153622736
S1251,Daniel Smith,daniel.smith98@example.edu,+1-555-795-3059,1.0032926203199513,60.374230974555175,9.737087166422409,34.58767439081263,0.6508859263236664,0.11074014027269186,0.4821927896583025,0.24532836622405674,0.8849156631844819,0.1384027990162019,0.05431027586070736,0.7044290335500782,0.4532860749681529,0.8383648876030845,0.07462963116931176,0.8010761326078425,0.037334752844158325,0.02807001191395697,0.4613157517310297,0.22129128968065181,0.5937187070065306,0.025816994211470434,0.03538954236297853,0.7271484961719404
S1252,Kate Johnson,kate.johnson90@example.edu,+1-555-139-2933,1.8318729799927866,60.416726863804236,7.641705604397373,36.58653527030487,0.21016516249231165,0.6564171236607336,0.7499221615007585,0.05933116572496744,0.7697539544642392,0.26842121796128604,0.38954595819974824,0.08663919229531669,0.8386299833648527,0.560728786325764,0.5046652778471722,0.9685548109027556,0.3345057599406708,0.890779286476696,0.7196878810646042,0.9285281358522389,0.9078020527624597,0.9910298050260696,0.13167675203715756,0.796016392091595
S1253,Maria Smith,maria.smith68@example.edu,+1-555-177-6605,0.4491807818673922,58.179395122496295,7.850451919455067,33.87685032325385,0.8044943549475032,0.6443735281784868,0.278860958238202,0.9651482716283151,0.20442213789020958,0.499575378358439,0.5214871128191862,0.16182934483603884,0.7225288223332409,0.08886716418023977,0.693097778846711,0.8486154962906369,0.34939642508239954,0.7094208085992002,0.1567740081478498,0.8459490014528787,0.9520316985532247,0.1526936934997769,0.6918594739723322,0.5058310965565258
S1254,Maria Müller,maria.müller71@example.edu,+1-555-974-2509,1.0573906505232868,59.69876444389914,8.629484835595347,35.68167216203073,0.5314993318323786,0.7064897186006882,0.48874049933643726,0.6003263920177168,0.2309010194113772,0.3785065964886303,0.865240350071502,0.1099025116483856,0.5975752609336399,0.18428706223489022,0.846539597923372,0.5790439538535498,0.4030487826702711,0.24982467365181793,0.4368446991896344,0.9576123259217423,0.5092092897436206,0.4694895316998602,0.7462738135003091,0.3790470708319067
S1255,Kate Müller,kate.müller93@example.edu,+1-555-755-4263,1.3738628973119742,60.347652657708714,9.450811303061561,35.677748134802464,0.427423949880794,0.33694773157161906,0.1509197553293914,0.7138092142026506,0.8730309138836237,0.9055926492427656,0.8808029380377796,0.4517838024379929,0.2840661922031963,0.6379237496008234,0.9547049119060317,0.727050648168605,0.49484856159015655,0.6888085745134482,0.772537912454397,0.9192692613280707,0.7632157539721541,0.4331905556359056,0.2736065184654841,0.4998816647295913
S1256,John Lee,john.lee52@example.edu,+1-555-164-7190,-1.3187486759551874,59.599117922509095,6.601768929061579,35.03966591947758,0.3281779446054718,0.942764592687814,0.5079658434499622,0.4720563359640083,0.3481962181548629,0.6394069902916003,0.5200512786209478,0.12904892289825654,0.8692078108304946,0.3590128321437984,0.4325784299581542,0.2056670566635791,0.5533982076178892,0.702055062428583,0.8811653206259396,0.05160766497226266,0.9733319096993783,0.7038177420203567,0.2842986844115174,0.20447475501396606
S1257,Alex Smith,alex.smith22@example.edu,+1-555-288-5622,0.9949037305532201,61.150085502268645,10.306397831993232,35.2230525530776,0.29608791865459794,0.8757257516664424,0.2913901731959504,0.4628211345572357,0.7057380542422326,0.8719898637238855,0.6585711623461041,0.7531091965344227,0.1733267962959556,0.8774078276911388,0.27571918361811065,0.1283781640565157,0.9762442903406693,0.20163992545416098,0.13665197007797647,0.6260209001017866,0.3188631494960953,0.1333492051804933,0.601121117215876,0.7589852272222355
S1258,Alex Müller,alex.müller63@example.edu,+1-555-555-6374,0.44960281486341014,60.53367722380031,8.419290598943254,34.99846808341232,0.7931983742071566,0.15551260101227238,0.5568670679399422,0.8136783706814606,0.16108701142418524,0.2076822517706749,0.00241139743167762,0.5246341563952881,0.19468169686195091,0.7242425757268991,0.9622138556176058,0.20875548899907026,0.6490970117635326,0.21183446145851137,0.018006858979704,0.7585541942145848,0.4340046766508928,0.9467868615146531,0.5342858821434056,0.15748286897568398
S1259,Julia Lee,julia.lee50@example.edu,+1-555-221-3257,2.0847499486568446,59.38645151941164,9.88624650316675,35.745141505561534,0.4497744417972779,0.2028917948060165,0.8780292726865745,0.6909031808875248,0.3412388046547036,0.5278203228071404,0.6694801882130285,0.7828577166454253,0.08014720987054169,0.022518841995246786,0.11445269716988982,0.394996310172563,0.466706610082092,0.13646163021384838,0.4111531378996053,0.4416227863618305,0.10908996367748669,0.916659960195734,0.5991459275877076,0.3885355304562821
S1260,Anna Ivanov,anna.ivanov81@example.edu,+1-555-762-9393,-0.05027099884390374,61.07128354103914,9.768422979908655,35.11211847610992,0.5069071834722066,0.31419748646880674,0.854331031644593,0.5750150415685037,0.49489581439354347,0.9108854030955976,0.8379796982340677,0.8128018914258494,0.22560920423184416,0.15312311146835678,0.6900965197127477,0.4686422563413959,0.6837127129568435,0.7606272321111164,0.2953135073447509,0.2846504331228087,0.4908315662581837,0.27354931352649736,0.6672952760161995,0.7467304458807168
S1261,Julia Kuznetsova,julia.kuznetsova78@example.edu,+1-555-110-4724,0.1614441961695825,59.05487337956687,8.408571165406675,35.59685390962115,0.47203894605324437,0.7237997655986432,0.5104375690707762,0.7128717219670092,0.22496824779572533,0.738843045933042,0.7151240234570178,0.26660570704917763,0.555970991040175,0.8553116678744016,0.24952264697243898,0.7359797840146763,0.9539667171468871,0.8662419197575649,0.40152008268027617,0.6072077329881385,0.9917701342527039,0.5684374113757185,0.11502760243036658,0.04543075477876091
S1262,Ivan Brown,ivan.brown51@example.edu,+1-555-892-3582,-0.051187684141537786,60.48126347348186,7.634068918233768,34.775524557117265,0.7903145097440284,0.42362832540184614,0.24681289062919443,0.347672030660947,0.7573728665464523,0.46524733563382914,0.8684994925258765,0.7349255887776993,0.974014150445425,0.8885037667898433,0.25454721178600914,0.6590592328025533,0.020543034528143878,0.9911067244295982,0.26100610880259656,0.664795093623584,0.8491536211995653,0.16046466272797144,0.8478793428104792,0.012245665790822424
S1263,Kate Smith,kate.smith42@example.edu,+1-555-502-9138,1.1206125300314096,62.68964315956481,7.484952778927596,36.619216023139145,0.4419771380854074,0.47203762253113846,0.3740907132587359,0.5863847463004997,0.914842348702632,0.3269891143002891,0.5792598871664242,0.8774625257433228,0.7729953951013782,0.040733264805495994,0.9427907641276623,0.04664690425861273,0.5887584743743296,0.5753536203151648,0.7863902307023161,0.14844305184897766,0.17937039206270378,0.7521069327383605,0.14950475241162509,0.46944512706563957
S1264,Alex Kuznetsova,alex.kuznetsova47@example.edu,+1-555-971-6896,1.164826655386008,60.452289109817556,9.130182704727025,35.489199500014756,0.7316480902109319,0.6512419287826812,0.21060418611309517,0.30396025868608556,0.968974903241041,0.4486706201548839,0.04445747643638054,0.21958489946633264,0.34243508966183767,0.9994894042945859,0.3026915474769186,0.026395848782544973,0.512921577555336,0.08360538497397707,0.27406759869572184,0.9923831760939391,0.7046385189301544,0.05066662928287036,0.448686718591796,0.1716375126288493
S1265,Ivan Lee,ivan.lee66@example.edu,+1-555-724-6524,0.8309463852017804,61.599455199603206,8.497881741352804,36.24545802939717,0.12294465640212127,0.587065413348802,0.5056558896402157,0.7428665843155082,0.8923062282318597,0.24668185743166193,0.9229919866553971,0.5179917725540955,0.25883491818511717,0.8457858381026093,0.0355299180290225,0.5595093774729606,0.7216215350299666,0.27997768715614324,0.8634919175632179,0.24028456335798487,0.8398742827317391,0.07854496383245724,0.1599275918684313,0.38098458390190815
S1266,Ivan Johnson,ivan.johnson66@example.edu,+1-555-354-8979,0.29119616776567475,59.933722968958584,7.820841192480759,35.50052609238227,0.8540555127981793,0.14458536512678244,0.8754382397942415,0.22973152661279372,0.45250839859452874,0.35273440426033775,0.11812622661452354,0.9443097395191401,0.4381782907522135,0.6903312613561945,0.5752676766640311,0.5017159168522074,0.616577623556849,0.8983423062024289,0.6993123756941095,0.5324800794552211,0.6451859606659763,0.6063942805090216,0.4331212074863131,0.6247640101304504
S1267,John Kuznetsova,john.kuznetsova55@example.edu,+1-555-130-1526,2.589638552619187,59.91490820219706,8.7834257314257,33.77392134062528,0.4435698001641636,0.7576143778719123,0.9689124835222855,0.9598653574972292,0.8207357864249805,0.6017588970594852,0.7493319880707405,0.1780482952575544,0.47901845731392256,0.25730476499136434,0.003494981109347095,0.966737574672076,0.8638485618518413,0.5136986184699268,0.2541522881190068,0.6929752101992367,0.4348010845499275,0.8033495334226994,0.9995181101809494,0.3490826074898701
S1268,Anna Kuznetsova,anna.kuznetsova57@example.edu,+1-555-641-8538,0.747778081092461,58.24792631430632,7.99583421460929,35.24946465072005,0.24440304347804775,0.26738248879475823,0.09334624568067196,0.3940461965001554,0.017425052716909306,0.1143955574012756,0.2716957472726703,0.15986277590948073,0.7321590995007252,0.10560479086790031,0.8659941050245247,0.22111450371095287,0.10859061697156769,0.010106644431258527,0.7152050043221464,0.256616745938542,0.5094986051377748,0.11161604667215574,0.9852959232362493,0.1253847390699553
S1269,Julia Lee,julia.lee98@example.edu,+1-555-832-7100,2.450914517515536,63.090131947352454,8.354756406422009,36.578830172309985,0.4119259266418782,0.8516495023344659,0.24488694848040682,0.2669717853461734,0.8084995158907329,0.2733396571920127,0.0028713110948129783,0.4279137204899498,0.01253520967847499,0.9097922838293668,0.6418132241792209,0.5830142662212422,0.2015895108623631,0.6999461854286363,0.6772546436783458,0.060463573925364944,0.8808465308105725,0.5794133629298055,0.7924668810386102,0.2629140721288442
S1270,John Müller,john.müller32@example.edu,+1-555-438-4239,1.2681277284418127,59.833627588578985,9.475853896898768,35.06810813204795,0.12204779975345414,0.7024495731867846,0.7938826862551621,0.3860335336192914,0.02369227531631124,0.8182540246538645,0.20609390633044067,0.3390319418974882,0.6282310077771303,0.09995471921130272,0.07199576613846315,0.02570377157527426,0.9166398602394554,0.31138274426865564,0.6606588151171319,0.9892352490177422,0.6694507935619435,0.52509479585618,0.5209199335172385,0.3769171484555517
S1271,Julia Lee,julia.lee25@example.edu,+1-555-482-3306,1.1214352981734403,59.55083352089066,7.462079374221264,33.30201227722571,0.5997796559550853,0.9587913895457043,0.7880440336983101,0.4242266170332375,0.33244482903253325,0.8835315296231214,0.1357858256265938,0.8495852569643018,0.25507676134233237,0.7156292357759177,0.80622058077483,0.4769965172634726,0.19228397614227433,0.8447677434623754,0.36750834505331476,0.3206802604825193,0.5100161823534396,0.4350862411039177,0.6830522170387242,0.13719780837266538
S1272,Julia Brown,julia.brown81@example.edu,+1-555-476-1943,1.7185693716093497,59.695629900905715,8.344302210378217,35.00935618939547,0.43568965404787297,0.891701811225204,0.03606270943972545,0.4573383331533264,0.6605319663852102,0.8877110870419853,0.5937862269331757,0.8244842712393285,0.22269101895928645,0.35280943622785954,0.9421322739280427,0.8859751130926863,0.5579529826887045,0.47548833779484523,0.4510673914544585,0.05878966156701604,0.8923771039565669,0.8181495084153355,0.4562511447278671,0.2794399727194734
S1273,Alex Brown,alex.brown93@example.edu,+1-555-387-9468,1.8744254782071903,60.19840033732904,8.278339569694936,36.34892225121384,0.34292060642653055,0.12316058587288947,0.7217897413057226,0.5566698565548577,0.23410342282489494,0.6230055720776897,0.9792302142549747,0.1223951354761792,0.45848501062532776,0.4941588209221267,0.16679721382380241,0.5315802109973148,0.60597725854809,0.1573445388184953,0.1547238990088764,0.856348715633756,0.31138743667004487,0.630333387078631,0.6267730756752141,0.839170875582635
S1274,Maria Brown,maria.brown64@example.edu,+1-555-735-2277,2.7371040532797952,60.54401232085514,10.071029862478499,36.366155996495195,0.7398946312315234,0.8405764334382778,0.6252147896506657,0.449457160513994,0.3935665213130747,0.37902976666143584,0.4183930979091578,0.12930925215377032,0.423958371003167,0.38944490720262115,0.03457166331823147,0.27513075532634,0.7519069747402168,0.5779455714096253,0.8061674967560302,0.5426880443807649,0.8540837654752674,0.7960670996017167,0.09828457014224712,0.9770063680159924
S1275,Julia Kuznetsova,julia.kuznetsova45@example.edu,+1-555-357-3334,2.243109248044965,60.67550909482389,9.65818175178237,35.57162663068115,0.014747446901328787,0.5968380379296185,0.7925115093167623,0.33189413985090344,0.5985697922971579,0.3621225308474483,0.0606149750075019,0.008461519089330904,0.09486203011118832,0.0984095941200468,0.6108897773937499,0.5258652309625133,0.45546330017314207,0.6919214756024176,0.016826137012448394,0.2709834814157309,0.7773927312876279,0.9099771065171185,0.4383365962375816,0.08148398013846636
S1276,John Smith,john.smith41@example.edu,+1-555-353-7219,-0.207071442001748,60.770795472545544,7.50860463176079,34.12594059936244,0.798728739228488,0.8851704332727336,0.41366027069371947,0.24335525392027701,0.04397166822294529,0.591082821894856,0.9098694905624992,0.6778880255203257,0.31724859789473436,0.6428883242899669,0.8320684074480255,0.4758300593494579,0.8197484899978386,0.3919096766663541,0.34850567859577064,0.582988625878554,0.46468641769448127,0.9771119204610832,0.5163894235281747,0.38517202891602154
S1277,Julia Brown,julia.brown51@example.edu,+1-555-904-7390,2.4339215745888962,60.92424217896362,10.636138118654449,34.70115817794398,0.39493354312853624,0.5479399506131166,0.3549120380081954,0.722906601964936,0.3806629277016409,0.3841443865252431,0.6169732493768046,0.06084687269600997,0.6553549181151461,0.5049722171586871,0.45302611428664163,0.7192529907079513,0.758255782004861,0.8462608634124593,0.37480312081744727,0.3270376922533811,0.7143421014945195,0.5818048591404459,0.6318015463518166,0.5555229071058353
S1278,Kate Lee,kate.lee14@example.edu,+1-555-539-2446,-0.26747372540444436,59.73551908322262,9.112234426964632,35.08688758797401,0.7726930232038545,0.19004088849215317,0.5557121327413967,0.1581017889436298,0.4072519392909919,0.6639938234160748,0.4930716083141704,0.37959153667218126,0.8849700014156061,0.7728257144974784,0.526290785000375,0.9500531556754879,0.42436528943499385,0.788072927588106,0.16793623980141792,0.28579247711059697,0.33808558133395483,0.10582075270452329,0.5018048150760679,0.19226013412649567
S1279,Daniel Kuznetsova,daniel.kuznetsova57@example.edu,+1-555-228-8326,2.247048526632372,59.60260253249621,9.387237918983217,33.912510135621936,0.6341858894496586,0.1900923595730183,0.12350625733927534,0.9690867275989246,0.6582403058111063,0.9364509147084885,0.48988779199323196,0.033402463063374244,0.5743711704314439,0.5583288868357085,0.014975605936593972,0.8612420444018316,0.6199706806164247,0.7446911693761461,0.4939211061575146,0.618402437908263,0.2574698932285242,0.9737577677686472,0.4007200075476651,0.1623266213376291
S1280,Alex Müller,alex.müller33@example.edu,+1-555-709-5592,1.4953490058481944,60.0034194052042,8.175205327887031,34.74058770160766,0.055915418374627324,0.6361719330853711,0.9833798511764558,0.8957944968462817,0.7021045674864136,0.9905979289928608,0.7228282620421065,0.33925112340139596,0.6012181330601731,0.07976664248556153,0.22168249022254083,0.4175402359284922,0.20181849356304526,0.9535010148281706,0.9955975267446494,0.37093592012166543,0.7092289860771986,0.40777073066324054,0.1395092043862064,0.33692684770210857
S1281,Kate Brown,kate.brown33@example.edu,+1-555-618-8635,0.7974066788332562,59.70282935772919,10.948475366494453,34.891709397461334,0.2333716987156632,0.32807822040741974,0.21502168839771651,0.1123451190582464,0.2174284293624129,0.9057570318298428,0.08522167577652873,0.3247566437552345,0.5284498945026354,0.3545126561783568,0.5176070950188872,0.04342006023435396,0.6485696333643778,0.5634788015560602,0.6809662658546916,0.567257815827237,0.4379035824256632,0.35014154229408245,0.2264351900997762,0.5000677268066126
S1282,Anna Ivanov,anna.ivanov59@example.edu,+1-555-831-1785,0.7317142788049285,57.69280394662884,8.016371912822574,34.710619233098015,0.026052452377506974,0.32824082809932575,0.6778722935645294,0.10871703968635926,0.06289124231952858,0.6521786052913653,0.39777472114235024,0.8018250365493811,0.9373113039713239,0.957040453732577,0.4255928538941792,0.2643272242750323,0.608613738742478,0.6281929259282364,0.6223449360758967,0.32177861371888117,0.06375173641730303,0.21000483882559895,0.15441942802223374,0.12390034578331022
S1283,Ivan Smith,ivan.smith95@example.edu,+1-555-455-1385,0.24556205620569285,61.51987835271558,8.818568447064159,36.41728867425008,0.9262833210715731,0.013847645973967926,0.6018577392363217,0.9474737957401368,0.3600531274941279,0.5270980891724625,0.6957836634751596,0.31716969465823885,0.47765198770724915,0.817102850332752,0.7453556652802635,0.8084494114928407,0.987340163627656,0.370327474936179,0.7470912629357731,0.6027845671019829,0.6666047672211963,0.7398739048329345,0.7497313169463148,0.8857451492948196
S1284,Anna Smith,anna.smith28@example.edu,+1-555-445-6732,1.0678750974554048,60.04095062006373,8.90232390751625,35.004175876783606,0.3493216752360554,0.6534813561119106,0.28029043159685585,0.5945687051169751,0.7511751401719279,0.7910010861616403,0.42012450298912274,0.5087202232013598,0.33384985117017285,0.1690363465396305,0.2605174051925322,0.9121370048998244,0.30896954240931596,0.9747593335456102,0.24147808521538172,0.7230710874810448,0.5739032935718357,0.6968700495247986,0.643957946609181,0.7067485835975892
S1285,Ivan Ivanov,ivan.ivanov91@example.edu,+1-555-287-2350,2.8906745033548455,57.44842820057366,6.798299681117453,34.402512085838275,0.905547048435459,0.5634694960624814,0.06784878290399521,0.27082543444689955,0.7082189804087639,0.49407462797567336,0.5485519826196869,0.5965804553802915,0.38262927298456995,0.7738955250878552,0.7235348838965485,0.7142994121931139,0.7153101740349447,0.8903580016542478,0.5953927794432744,0.9670721994969583,0.1191926843906379,0.6319589765938644,0.7169265459357955,0.4772204109543595
S1286,Alex Kuznetsova,alex.kuznetsova56@example.edu,+1-555-541-5724,1.0159806701313259,60.75911486724041,9.520395917830223,34.57732949583137,0.28820838645693647,0.550037452711099,0.3647476802907027,0.9091240710678165,0.3567924125332549,0.17570699270212908,0.5763891401654528,0.39599259138036935,0.09589814480084102,0.5648423509979084,0.5378464111657014,0.1731970866331951,0.5976381689598429,0.567358973857489,0.773612623041591,0.36156992984263436,0.2487595236636393,0.9512198869707755,0.5612175227827881,0.027139958884180304
S1287,Anna Johnson,anna.johnson96@example.edu,+1-555-741-1126,2.1209480625659385,61.133214943468005,9.202463614398722,36.05892332973553,0.8207116841117432,0.19675806091894077,0.7860363176458435,0.7051624271559648,0.9688137242631573,0.9655793015945262,0.27441062465575994,0.7664495812234184,0.31685508577992394,0.6291979388295943,0.5977460849545931,0.05454351562116466,0.005181749835357574,0.05776401459480951,0.1279420475317411,0.2576524913477737,0.9069552232425624,0.5186326753466863,0.7968917388407887,0.8383117521072081
S1288,John Johnson,john.johnson44@example.edu,+1-555-322-8018,1.2999097897753418,59.38236867053883,9.767598522900006,35.12167443483654,0.7349430985905412,0.39138512442057194,0.8638593938409828,0.7420497533209206,0.7431514434050525,0.9015743271655693,0.5986634724576837,0.5285744299621766,0.8901625575970753,0.45446172816419683,0.8115706960288429,0.05384636044480773,0.001289944456322134,0.5282924896043568,0.07361189381638022,0.9765430134530636,0.005501174039798773,0.7181496364986464,0.24338469578622068,0.9675520052720562
S1289,Alex Johnson,alex.johnson98@example.edu,+1-555-713-9094,1.0014738314299356,61.62024892940853,6.304040658605905,33.44054741282447,0.38154165062789613,0.02728342626386515,0.02693576540878273,0.5533733717246886,0.9867119790312812,0.9797735350457194,0.3372729722892658,0.48270364918889697,0.1004558057978161,0.5221768559917317,0.5997015990482731,0.25106166561132104,0.6121144359151738,0.8996927516962538,0.0009553334234805311,0.22893377430794448,0.20991956332393813,0.12388620303382702,0.16610121273710188,0.6259125453653877
S1290,Ivan Lee,ivan.lee68@example.edu,+1-555-832-8549,-0.3057774690118072,59.600413287674314,8.719931013257368,33.34194178744965,0.10269439015064263,0.7385316090207217,0.8870225905583834,0.926587724178369,0.6601758143197008,0.19739641063361602,0.08529657553990788,0.2320249538069996,0.9619571857850425,0.9623452017507121,0.38191888391834206,0.3257915410975506,0.5100105822590654,0.2916880914674007,0.9796624516555633,0.2212213900245774,0.3691426821827686,0.4293708757001783,0.12506402308116216,0.38282482677012986
S1291,Julia Lee,julia.lee69@example.edu,+1-555-559-9624,-0.08367383554190905,59.053074153624074,11.703166501283482,36.98191614252186,0.8567307201019734,0.14036100145675845,0.5840219508261872,0.4066371380600168,0.17053672611745474,0.012336164449205822,0.2733433034899002,0.06182896069800192,0.3767684712967352,0.8102098556993457,0.7196852608776124,0.9473837117017669,0.42701541733706916,0.7078013985918528,0.6653417221020202,0.21704630315825957,0.3035825052326585,0.5298295333977603,0.7966573190059218,0.4618127344629326
S1292,Julia Ivanov,julia.ivanov60@example.edu,+1-555-473-9126,0.5470756405468857,59.600058380662524,7.735875603092876,32.90105654545221,0.22774153617552728,0.9934656902803698,0.11557880635366846,0.9558889074913278,0.8090462884304888,0.8388935193078518,0.7949175830914994,0.208170941304622,0.6325823773952418,0.7567498124509318,0.7456857921016514,0.2715653705440776,0.18111938776368142,0.3281229839145492,0.4798444803773918,0.5737807470636765,0.8369503623191604,0.769034227704616,0.6761505256665161,0.2634892929427606
S1293,Anna Johnson,anna.johnson50@example.edu,+1-555-452-4995,0.8714317949506235,58.90236281843157,8.90666441517179,33.23977356605217,0.47888049893494333,0.33543587412796105,0.23492817955053413,0.010245360383479452,0.3394619705706906,0.2561162677146215,0.5719023269668166,0.0623017702837122,0.2705195967102011,0.044769489988415345,0.641417904513436,0.5681895585686249,0.3374800230744732,0.1473346004355438,0.9579198327687352,0.5843924473886134,0.6791133665720679,0.5313487532694519,0.806533247646205,0.8963800495481213
S1294,Julia Smith,julia.smith56@example.edu,+1-555-716-4584,0.16182809585871638,60.16348980483311,9.40283055756233,35.459219154616214,0.3827105435976298,0.6900253122306106,0.22988748454639696,0.6518550471620385,0.39915562997655263,0.006781599401304961,0.9555278684226207,0.8684415455387189,0.2908365503460284,0.9977573142328605,0.3171276745565341,0.45884418645907477,0.8512590261744171,0.30459635132804086,0.45054028438750005,0.6655871671232555,0.13046755477242822,0.4223503686917177,0.3094099373616265,0.676774305864818
S1295,Daniel Smith,daniel.smith85@example.edu,+1-555-232-9064,-0.45253788257274113,60.940154303149114,8.119767133737964,35.696143706068035,0.1359693900603718,0.2327314791009374,0.7113762037524828,0.1562243697241148,0.4220192622398897,0.7128807220926188,0.7654683844300053,0.09488117867166845,0.8519956094194782,0.7239723011299664,0.33929458869331375,0.76380285233024,0.728298865340659,0.6008912265083856,0.5584811734058444,0.7347034888995855,0.9992599017054545,0.5785522493158853,0.808717871762248,0.7442737173155829
S1296,Maria Ivanov,maria.ivanov80@example.edu,+1-555-507-9341,0.9882974557199875,58.48597375101426,8.652182524960693,35.40190011627014,0.8558084020338257,0.9545248613841384,0.1930832074608152,0.1654596363951163,0.5863518284149009,0.44929506288650445,0.5707226929191692,0.7980427344855086,0.9317144800492464,0.41741582519855813,0.7179326455436245,0.19679918784140937,0.5345519493545235,0.021804777780519924,0.503750567133097,0.5453364591254999,0.7354453357783313,0.6494847902069917,0.35839673430580155,0.005730900713121323
S1297,Julia Smith,julia.smith12@example.edu,+1-555-458-9754,1.674261918522059,59.84491331281114,10.684956779661158,36.10826184808521,0.11548587362294893,0.9730606535174523,0.9223331583153058,0.32509316308114533,0.2588529399238877,0.4364162936900374,0.6899400296120728,0.35682767265797366,0.06729384773115554,0.4027950924443964,0.2605889944814319,0.3249300112112118,0.16295724578730442,0.6588400694456474,0.5266309332452249,0.2708631172953543,0.5538624813062414,0.49270784716723803,0.795974856566028,0.9559842693402016
S1298,John Ivanov,john.ivanov71@example.edu,+1-555-642-7914,0.7176804719602718,60.82513399335064,11.127172833707005,37.15653306086133,0.13067050897865595,0.8839134789079829,0.7047969382849021,0.6925535452979048,0.3743008971424723,0.343908195464921,0.005639484822516971,0.9822048746373078,0.6065058323730488,0.40232862392392543,0.5437688218921786,0.04052703409626246,0.17365095529166885,0.6233599249634025,0.51426172968362,0.7870748229276331,0.6587426904453371,0.6014356759793872,0.8152657043053134,0.06826310555190063
S1299,Julia Müller,julia.müller84@example.edu,+1-555-779-2817,-0.3507998689047473,58.98081357772713,10.633410665407236,33.8358908440786,0.6908867964312853,0.7155907132890155,0.275163549680011,0.19564963648739442,0.21385247545599917,0.19814086343199422,0.5237821909035946,0.13562631136582848,0.6592858614193504,0.10507825894876954,0.026889640310256202,0.3192902424458711,0.19185972373304105,0.9886620554100823,0.3029963006172174,0.22206408602551375,0.19676982349921457,0.3738529048034903,0.6058488953315778,0.7819452750462824
